#@@ww@@# TABLE STRUCTURE FOR: wl_admin@@ww@@#@@ww@@@@ww@@DROP TABLE IF EXISTS wl_admin;@@ww@@@@ww@@CREATE TABLE `wl_admin` (
  `id` int(10) unsigned NOT NULL AUTO_INCREMENT,
  `name` varchar(30) NOT NULL DEFAULT '' COMMENT '用户名',
  `userpwd` char(32) NOT NULL DEFAULT '' COMMENT '密码',
  `email` varchar(50) DEFAULT NULL COMMENT '邮箱',
  `regtime` int(11) DEFAULT NULL COMMENT '注册时间',
  `regip` varchar(15) DEFAULT NULL COMMENT '注册IP',
  `logintime` int(10) DEFAULT NULL COMMENT '最后登录时间',
  `loginip` varchar(15) DEFAULT NULL COMMENT '最后登录IP',
  `hits` int(10) NOT NULL DEFAULT '0' COMMENT '登录次数',
  `listorder` tinyint(3) unsigned NOT NULL DEFAULT '0',
  PRIMARY KEY (`id`),
  UNIQUE KEY `uid` (`name`),
  UNIQUE KEY `uid_2` (`id`),
  KEY `name` (`name`),
  KEY `uid_3` (`id`)
) ENGINE=MyISAM AUTO_INCREMENT=43 DEFAULT CHARSET=utf8;@@ww@@@@ww@@INSERT INTO wl_admin (`id`, `name`, `userpwd`, `email`, `regtime`, `regip`, `logintime`, `loginip`, `hits`, `listorder`) VALUES (38, 'admin', 'e10adc3949ba59abbe56e057f20f883e', 'sdfsdf@qq.com', 1435581747, '127.0.0.1', 1471915149, '127.0.0.1', 251, 0);@@ww@@@@ww@@@@ww@@#@@ww@@# TABLE STRUCTURE FOR: wl_brand@@ww@@#@@ww@@@@ww@@DROP TABLE IF EXISTS wl_brand;@@ww@@@@ww@@CREATE TABLE `wl_brand` (
  `id` int(10) unsigned NOT NULL AUTO_INCREMENT COMMENT '主键ID',
  `name` varchar(100) NOT NULL DEFAULT '' COMMENT '品牌名称',
  `url` varchar(100) NOT NULL DEFAULT '' COMMENT '品牌URL',
  `image` varchar(100) DEFAULT NULL COMMENT '图片',
  `listorder` smallint(5) unsigned NOT NULL DEFAULT '0',
  `status` int(1) DEFAULT '0' COMMENT '0:不通过 1:通过',
  `uptime` int(10) unsigned NOT NULL DEFAULT '0' COMMENT '更新时间',
  `type` int(3) NOT NULL DEFAULT '0' COMMENT '分类ID',
  `content` text COMMENT '品牌描述',
  PRIMARY KEY (`id`),
  KEY `name` (`name`)
) ENGINE=MyISAM AUTO_INCREMENT=28 DEFAULT CHARSET=utf8 ROW_FORMAT=DYNAMIC COMMENT='网站设置表';@@ww@@@@ww@@#@@ww@@# TABLE STRUCTURE FOR: wl_category@@ww@@#@@ww@@@@ww@@DROP TABLE IF EXISTS wl_category;@@ww@@@@ww@@CREATE TABLE `wl_category` (
  `id` smallint(5) unsigned NOT NULL AUTO_INCREMENT,
  `type` tinyint(1) unsigned NOT NULL DEFAULT '0',
  `modelid` smallint(5) unsigned NOT NULL DEFAULT '0',
  `pid` smallint(5) unsigned NOT NULL DEFAULT '0',
  `path` varchar(255) NOT NULL DEFAULT '0,',
  `listorder` smallint(5) unsigned NOT NULL DEFAULT '0',
  `catname` varchar(30) NOT NULL,
  `seodescription` text COMMENT 'SEO描述',
  `seokeyword` varchar(255) DEFAULT '' COMMENT 'SEO关键字',
  `content` text NOT NULL COMMENT '栏目描述',
  `seotitle` varchar(255) DEFAULT '' COMMENT 'SEO标题',
  `catdir` varchar(30) NOT NULL DEFAULT '' COMMENT '目录名称',
  `image` varchar(255) DEFAULT NULL COMMENT '栏目图片',
  `url` varchar(100) NOT NULL DEFAULT '' COMMENT '外部链接URL',
  `ismenu` tinyint(2) unsigned NOT NULL DEFAULT '1' COMMENT '是否导航显示:1显示 0，关闭',
  PRIMARY KEY (`id`),
  KEY `siteid` (`type`),
  KEY `module` (`pid`,`listorder`,`id`)
) ENGINE=MyISAM AUTO_INCREMENT=61 DEFAULT CHARSET=utf8 ROW_FORMAT=DYNAMIC;@@ww@@@@ww@@INSERT INTO wl_category (`id`, `type`, `modelid`, `pid`, `path`, `listorder`, `catname`, `seodescription`, `seokeyword`, `content`, `seotitle`, `catdir`, `image`, `url`, `ismenu`) VALUES (1, 0, 2, 0, '0,', 6, '关于我们', '', '', '', '', '', 'category/1.jpg', '', 1);@@ww@@INSERT INTO wl_category (`id`, `type`, `modelid`, `pid`, `path`, `listorder`, `catname`, `seodescription`, `seokeyword`, `content`, `seotitle`, `catdir`, `image`, `url`, `ismenu`) VALUES (2, 0, 2, 1, '0,1,', 1, '公司简介', '', '', '', '', '', NULL, '', 1);@@ww@@INSERT INTO wl_category (`id`, `type`, `modelid`, `pid`, `path`, `listorder`, `catname`, `seodescription`, `seokeyword`, `content`, `seotitle`, `catdir`, `image`, `url`, `ismenu`) VALUES (3, 0, 2, 1, '0,1,', 0, '发展历程', '', '', '', '', '', NULL, '', 1);@@ww@@INSERT INTO wl_category (`id`, `type`, `modelid`, `pid`, `path`, `listorder`, `catname`, `seodescription`, `seokeyword`, `content`, `seotitle`, `catdir`, `image`, `url`, `ismenu`) VALUES (4, 0, 2, 1, '0,1,', 0, '经营理念', '', '', '', '', '', NULL, '', 1);@@ww@@INSERT INTO wl_category (`id`, `type`, `modelid`, `pid`, `path`, `listorder`, `catname`, `seodescription`, `seokeyword`, `content`, `seotitle`, `catdir`, `image`, `url`, `ismenu`) VALUES (6, 0, 2, 0, '0,', 1, '联系我们', '', '', '', '', '', 'category/1.jpg', '', 1);@@ww@@INSERT INTO wl_category (`id`, `type`, `modelid`, `pid`, `path`, `listorder`, `catname`, `seodescription`, `seokeyword`, `content`, `seotitle`, `catdir`, `image`, `url`, `ismenu`) VALUES (7, 0, 2, 6, '0,6,', 1, '联系方式', '', '', '', '', '', NULL, '', 1);@@ww@@INSERT INTO wl_category (`id`, `type`, `modelid`, `pid`, `path`, `listorder`, `catname`, `seodescription`, `seokeyword`, `content`, `seotitle`, `catdir`, `image`, `url`, `ismenu`) VALUES (8, 0, 2, 6, '0,6,', 0, '技术团队', '', '', '', '', '', NULL, '', 1);@@ww@@INSERT INTO wl_category (`id`, `type`, `modelid`, `pid`, `path`, `listorder`, `catname`, `seodescription`, `seokeyword`, `content`, `seotitle`, `catdir`, `image`, `url`, `ismenu`) VALUES (9, 0, 2, 6, '0,6,', 0, '校园招聘', '', '', '', '', '', NULL, '', 1);@@ww@@INSERT INTO wl_category (`id`, `type`, `modelid`, `pid`, `path`, `listorder`, `catname`, `seodescription`, `seokeyword`, `content`, `seotitle`, `catdir`, `image`, `url`, `ismenu`) VALUES (10, 0, 11, 0, '0,', 4, '新闻资讯', '', '', '', '', '', 'category/1.jpg', '', 1);@@ww@@INSERT INTO wl_category (`id`, `type`, `modelid`, `pid`, `path`, `listorder`, `catname`, `seodescription`, `seokeyword`, `content`, `seotitle`, `catdir`, `image`, `url`, `ismenu`) VALUES (11, 0, 11, 10, '0,10,', 0, '公司动态', '', '', '', '', '', NULL, '', 1);@@ww@@INSERT INTO wl_category (`id`, `type`, `modelid`, `pid`, `path`, `listorder`, `catname`, `seodescription`, `seokeyword`, `content`, `seotitle`, `catdir`, `image`, `url`, `ismenu`) VALUES (12, 0, 11, 10, '0,10,', 0, '行业资讯', '', '', '', '新闻', '', NULL, '', 1);@@ww@@INSERT INTO wl_category (`id`, `type`, `modelid`, `pid`, `path`, `listorder`, `catname`, `seodescription`, `seokeyword`, `content`, `seotitle`, `catdir`, `image`, `url`, `ismenu`) VALUES (52, 0, 2, 0, '0,', 2, '服务项目', '', '', '', '', '', 'category/1.jpg', '', 1);@@ww@@INSERT INTO wl_category (`id`, `type`, `modelid`, `pid`, `path`, `listorder`, `catname`, `seodescription`, `seokeyword`, `content`, `seotitle`, `catdir`, `image`, `url`, `ismenu`) VALUES (14, 0, 13, 0, '0,', 5, '产品中心', '', '', '', '', '', 'category/1.jpg', '', 1);@@ww@@INSERT INTO wl_category (`id`, `type`, `modelid`, `pid`, `path`, `listorder`, `catname`, `seodescription`, `seokeyword`, `content`, `seotitle`, `catdir`, `image`, `url`, `ismenu`) VALUES (15, 0, 13, 14, '0,14,', 0, '产品分类1', '', '', '', '', '', NULL, '', 1);@@ww@@INSERT INTO wl_category (`id`, `type`, `modelid`, `pid`, `path`, `listorder`, `catname`, `seodescription`, `seokeyword`, `content`, `seotitle`, `catdir`, `image`, `url`, `ismenu`) VALUES (16, 0, 13, 14, '0,14,', 0, '产品分类2', '', '', '', '', '', NULL, '', 1);@@ww@@INSERT INTO wl_category (`id`, `type`, `modelid`, `pid`, `path`, `listorder`, `catname`, `seodescription`, `seokeyword`, `content`, `seotitle`, `catdir`, `image`, `url`, `ismenu`) VALUES (56, 0, 37, 0, '0,', 3, '成功案例', '', '', '', '', '', 'category/1.jpg', '', 1);@@ww@@INSERT INTO wl_category (`id`, `type`, `modelid`, `pid`, `path`, `listorder`, `catname`, `seodescription`, `seokeyword`, `content`, `seotitle`, `catdir`, `image`, `url`, `ismenu`) VALUES (53, 0, 2, 52, '0,52,', 0, '网站推广', '', '', '', '', '', NULL, '', 1);@@ww@@INSERT INTO wl_category (`id`, `type`, `modelid`, `pid`, `path`, `listorder`, `catname`, `seodescription`, `seokeyword`, `content`, `seotitle`, `catdir`, `image`, `url`, `ismenu`) VALUES (54, 0, 2, 52, '0,52,', 0, '微信开发', '', '', '', '', '', 'category/20160857bbaabfd8092.jpg', '', 1);@@ww@@INSERT INTO wl_category (`id`, `type`, `modelid`, `pid`, `path`, `listorder`, `catname`, `seodescription`, `seokeyword`, `content`, `seotitle`, `catdir`, `image`, `url`, `ismenu`) VALUES (55, 0, 2, 52, '0,52,', 0, '网站建设', '', '', '', '', '', 'category/20160857bbaab90e753.jpg', '', 1);@@ww@@INSERT INTO wl_category (`id`, `type`, `modelid`, `pid`, `path`, `listorder`, `catname`, `seodescription`, `seokeyword`, `content`, `seotitle`, `catdir`, `image`, `url`, `ismenu`) VALUES (29, 0, 5, 0, '0,', 0, '在线留言', '', '', '', '', '', 'category/1.jpg', 'message/', 1);@@ww@@INSERT INTO wl_category (`id`, `type`, `modelid`, `pid`, `path`, `listorder`, `catname`, `seodescription`, `seokeyword`, `content`, `seotitle`, `catdir`, `image`, `url`, `ismenu`) VALUES (57, 0, 37, 56, '0,56,', 0, '成功案例1', '', '', '', '', '', NULL, '', 1);@@ww@@INSERT INTO wl_category (`id`, `type`, `modelid`, `pid`, `path`, `listorder`, `catname`, `seodescription`, `seokeyword`, `content`, `seotitle`, `catdir`, `image`, `url`, `ismenu`) VALUES (58, 0, 37, 56, '0,56,', 0, '成功案例2', '', '', '', '', '', NULL, '', 1);@@ww@@INSERT INTO wl_category (`id`, `type`, `modelid`, `pid`, `path`, `listorder`, `catname`, `seodescription`, `seokeyword`, `content`, `seotitle`, `catdir`, `image`, `url`, `ismenu`) VALUES (59, 0, 37, 56, '0,56,', 0, '成功案例3', '', '', '', '', '', NULL, '', 1);@@ww@@INSERT INTO wl_category (`id`, `type`, `modelid`, `pid`, `path`, `listorder`, `catname`, `seodescription`, `seokeyword`, `content`, `seotitle`, `catdir`, `image`, `url`, `ismenu`) VALUES (60, 0, 13, 14, '0,14,', 0, '产品分类3', '', '', '', '', '', NULL, '', 1);@@ww@@@@ww@@@@ww@@#@@ww@@# TABLE STRUCTURE FOR: wl_links@@ww@@#@@ww@@@@ww@@DROP TABLE IF EXISTS wl_links;@@ww@@@@ww@@CREATE TABLE `wl_links` (
  `id` int(10) unsigned NOT NULL AUTO_INCREMENT COMMENT '主键ID',
  `name` varchar(100) NOT NULL DEFAULT '' COMMENT '链接名称',
  `url` varchar(100) NOT NULL DEFAULT '' COMMENT '链接URL',
  `image` varchar(100) DEFAULT NULL COMMENT '图片',
  `listorder` smallint(5) unsigned NOT NULL DEFAULT '0',
  `status` int(1) DEFAULT '0' COMMENT '0:不通过 1:通过',
  `uptime` int(10) unsigned NOT NULL DEFAULT '0' COMMENT '更新时间',
  `type` int(3) NOT NULL DEFAULT '0' COMMENT '分类ID',
  `beizhu` varchar(255) DEFAULT NULL COMMENT '备注',
  PRIMARY KEY (`id`),
  KEY `name` (`name`)
) ENGINE=MyISAM AUTO_INCREMENT=28 DEFAULT CHARSET=utf8 ROW_FORMAT=DYNAMIC COMMENT='网站设置表';@@ww@@@@ww@@INSERT INTO wl_links (`id`, `name`, `url`, `image`, `listorder`, `status`, `uptime`, `type`, `beizhu`) VALUES (16, '爱搜客', 'http://www.aisoker.com/', NULL, 0, 1, 1436070371, 1, '');@@ww@@INSERT INTO wl_links (`id`, `name`, `url`, `image`, `listorder`, `status`, `uptime`, `type`, `beizhu`) VALUES (22, '爱搜客竞价托管', 'http://www.aisoker.com/sem/', NULL, 0, 1, 1436079685, 1, '');@@ww@@INSERT INTO wl_links (`id`, `name`, `url`, `image`, `listorder`, `status`, `uptime`, `type`, `beizhu`) VALUES (24, '广州全网营销', 'http://www.aisoker.com/all/', NULL, 0, 1, 1464080689, 1, '');@@ww@@INSERT INTO wl_links (`id`, `name`, `url`, `image`, `listorder`, `status`, `uptime`, `type`, `beizhu`) VALUES (25, '广州SEO', 'http://www.aisoker.com/seo/', NULL, 0, 1, 1471916222, 1, '');@@ww@@INSERT INTO wl_links (`id`, `name`, `url`, `image`, `listorder`, `status`, `uptime`, `type`, `beizhu`) VALUES (26, '广州微信运营', 'http://www.aisoker.com/wx/', NULL, 0, 1, 1471916245, 1, '');@@ww@@INSERT INTO wl_links (`id`, `name`, `url`, `image`, `listorder`, `status`, `uptime`, `type`, `beizhu`) VALUES (27, '爱搜客建站', 'http://www.aisoker.com/web/', NULL, 0, 1, 1471916274, 1, '');@@ww@@@@ww@@@@ww@@#@@ww@@# TABLE STRUCTURE FOR: wl_member@@ww@@#@@ww@@@@ww@@DROP TABLE IF EXISTS wl_member;@@ww@@@@ww@@CREATE TABLE `wl_member` (
  `id` mediumint(8) unsigned NOT NULL AUTO_INCREMENT,
  `username` char(20) NOT NULL DEFAULT '',
  `password` char(32) NOT NULL DEFAULT '',
  `nickname` char(50) NOT NULL DEFAULT '',
  `regadds` char(100) NOT NULL DEFAULT '' COMMENT '注册地址',
  `regdate` int(10) unsigned NOT NULL DEFAULT '0' COMMENT '注册时间',
  `lastdate` int(10) unsigned NOT NULL DEFAULT '0' COMMENT '最后登录时间',
  `regip` char(15) NOT NULL DEFAULT '' COMMENT '注册IP',
  `lastip` char(15) NOT NULL DEFAULT '' COMMENT '最后登录IP',
  `loginnum` smallint(5) unsigned NOT NULL DEFAULT '0' COMMENT '登录次数',
  `email` char(32) NOT NULL DEFAULT '' COMMENT '邮箱',
  `groupid` tinyint(3) unsigned NOT NULL DEFAULT '1' COMMENT '会员组ID',
  `overdate` int(10) unsigned NOT NULL DEFAULT '0' COMMENT '过期时间',
  `qq` char(32) NOT NULL DEFAULT '' COMMENT 'qq',
  `get_password_code` char(100) NOT NULL DEFAULT '' COMMENT '找回密码code',
  `get_password_info` char(100) NOT NULL DEFAULT '' COMMENT '找回密码信息（记录生成code时间，IP，次数等信息）',
  `tel` char(32) DEFAULT NULL COMMENT '电话',
  `name` char(32) DEFAULT NULL COMMENT '真实姓名',
  `connectid` char(40) DEFAULT NULL COMMENT '腾讯的openid',
  PRIMARY KEY (`id`),
  UNIQUE KEY `username` (`username`),
  UNIQUE KEY `email` (`email`(20))
) ENGINE=MyISAM AUTO_INCREMENT=20 DEFAULT CHARSET=utf8;@@ww@@@@ww@@INSERT INTO wl_member (`id`, `username`, `password`, `nickname`, `regadds`, `regdate`, `lastdate`, `regip`, `lastip`, `loginnum`, `email`, `groupid`, `overdate`, `qq`, `get_password_code`, `get_password_info`, `tel`, `name`, `connectid`) VALUES (7, 'vips', '4297f44b13955235245b2497399d7a93', 'sdfddf1', '本机地址', 1440989561, 1440989561, '127.0.0.1', '', 1, 'sdf51@qq.com', 2, 1439866320, '', '', '', '', 'te', '');@@ww@@INSERT INTO wl_member (`id`, `username`, `password`, `nickname`, `regadds`, `regdate`, `lastdate`, `regip`, `lastip`, `loginnum`, `email`, `groupid`, `overdate`, `qq`, `get_password_code`, `get_password_info`, `tel`, `name`, `connectid`) VALUES (8, 'dfsdf', '96e79218965eb72c92a549dd5a330112', '112', '本机地址', 1441070467, 1443087701, '127.0.0.1', '127.0.0.1', 5, '123@qq.com', 1, 0, '', '036ab3330a923444e09a8b8ff708fdbc', 'array (\n  \'code_time\' => \'1443087728\',\n)', '', 'te', '');@@ww@@INSERT INTO wl_member (`id`, `username`, `password`, `nickname`, `regadds`, `regdate`, `lastdate`, `regip`, `lastip`, `loginnum`, `email`, `groupid`, `overdate`, `qq`, `get_password_code`, `get_password_info`, `tel`, `name`, `connectid`) VALUES (10, '1111', '96e79218965eb72c92a549dd5a330112', '4444', '本机地址', 1441075105, 1441075105, '127.0.0.1', '', 0, '1212@qq.com', 1, 1441852680, '', '', '', '', 'te', '');@@ww@@INSERT INTO wl_member (`id`, `username`, `password`, `nickname`, `regadds`, `regdate`, `lastdate`, `regip`, `lastip`, `loginnum`, `email`, `groupid`, `overdate`, `qq`, `get_password_code`, `get_password_info`, `tel`, `name`, `connectid`) VALUES (14, 'test', 'e10adc3949ba59abbe56e057f20f883e', 'ddsdfsdf', '本机地址', 1441156435, 1471573641, '127.0.0.1', '127.0.0.1', 75, '329255343@qq.com', 1, 0, '329255343', '15cb1f488e2f719ae394643c9d3304c4', 'array (\n  \'code_time\' => \'1443167471\',\n)', '132565656', '张三', '904AAD5FD05720A770D5996CDEC8CF3A');@@ww@@INSERT INTO wl_member (`id`, `username`, `password`, `nickname`, `regadds`, `regdate`, `lastdate`, `regip`, `lastip`, `loginnum`, `email`, `groupid`, `overdate`, `qq`, `get_password_code`, `get_password_info`, `tel`, `name`, `connectid`) VALUES (16, 'test2', '4297f44b13955235245b2497399d7a93', '哈哈', '本机地址', 1441138018, 1441138044, '127.0.0.1', '127.0.0.1', 2, 'sdfsd7767@qq.com', 2, 1446249600, '', '', '', '', 'te', '');@@ww@@INSERT INTO wl_member (`id`, `username`, `password`, `nickname`, `regadds`, `regdate`, `lastdate`, `regip`, `lastip`, `loginnum`, `email`, `groupid`, `overdate`, `qq`, `get_password_code`, `get_password_info`, `tel`, `name`, `connectid`) VALUES (19, 'test3', 'e10adc3949ba59abbe56e057f20f883e', 'sdfsdfsdfdsf', '本机地址', 1444437267, 1446321074, '127.0.0.1', '127.0.0.1', 3, '35262652@qq.com', 2, 1446249600, '', '', '', '', 'te', '');@@ww@@@@ww@@@@ww@@#@@ww@@# TABLE STRUCTURE FOR: wl_member_baoming@@ww@@#@@ww@@@@ww@@DROP TABLE IF EXISTS wl_member_baoming;@@ww@@@@ww@@CREATE TABLE `wl_member_baoming` (
  `id` int(10) unsigned NOT NULL AUTO_INCREMENT COMMENT 'ID',
  `title` varchar(100) NOT NULL DEFAULT '' COMMENT '标题',
  `model` varchar(50) DEFAULT NULL COMMENT '文章模块',
  `uptime` int(10) unsigned NOT NULL DEFAULT '0' COMMENT '发布时间',
  `username` char(50) DEFAULT NULL COMMENT '用户名',
  `userid` int(10) unsigned DEFAULT NULL COMMENT '用户ID',
  `articleid` int(10) unsigned NOT NULL DEFAULT '0' COMMENT '文章id',
  `name` varchar(100) DEFAULT NULL COMMENT '姓名',
  `tel` varchar(100) DEFAULT NULL COMMENT '手机',
  `qq` varchar(100) DEFAULT NULL COMMENT 'qq',
  PRIMARY KEY (`id`),
  KEY `userid` (`userid`)
) ENGINE=MyISAM AUTO_INCREMENT=29 DEFAULT CHARSET=utf8 ROW_FORMAT=DYNAMIC;@@ww@@@@ww@@INSERT INTO wl_member_baoming (`id`, `title`, `model`, `uptime`, `username`, `userid`, `articleid`, `name`, `tel`, `qq`) VALUES (3, '是的发送到', 'news', 1447751214, 'test', 14, 120, 'sdfsdf', 'sdfsdf', '');@@ww@@INSERT INTO wl_member_baoming (`id`, `title`, `model`, `uptime`, `username`, `userid`, `articleid`, `name`, `tel`, `qq`) VALUES (4, '士大夫2', 'news', 1447757116, NULL, NULL, 112, 'sdfsdfdsf', 'sdf', 'sdfsdfsdf');@@ww@@INSERT INTO wl_member_baoming (`id`, `title`, `model`, `uptime`, `username`, `userid`, `articleid`, `name`, `tel`, `qq`) VALUES (5, '士大夫2', 'news', 1447757173, 'test', 14, 112, 'sdfsdfdsfs', 'sdfsdf', 'sdfsdf');@@ww@@INSERT INTO wl_member_baoming (`id`, `title`, `model`, `uptime`, `username`, `userid`, `articleid`, `name`, `tel`, `qq`) VALUES (7, '士大夫2', 'news', 1447757572, 'test', 14, 113, 'sdfsdfdsfsdf', 'sdfsdf', 'sdf');@@ww@@INSERT INTO wl_member_baoming (`id`, `title`, `model`, `uptime`, `username`, `userid`, `articleid`, `name`, `tel`, `qq`) VALUES (8, '士大夫2', 'news', 1447757610, 'test', 14, 113, 'sdfsdf', 'sdf', '');@@ww@@INSERT INTO wl_member_baoming (`id`, `title`, `model`, `uptime`, `username`, `userid`, `articleid`, `name`, `tel`, `qq`) VALUES (9, '士大夫2', 'news', 1447757686, 'test', 14, 113, 'sdfsdf', 'sdf', 'sdfsdf');@@ww@@INSERT INTO wl_member_baoming (`id`, `title`, `model`, `uptime`, `username`, `userid`, `articleid`, `name`, `tel`, `qq`) VALUES (10, '士大夫2', 'news', 1447757721, 'test', 14, 113, 'sdf', 'sdf', 'sdfsdf');@@ww@@INSERT INTO wl_member_baoming (`id`, `title`, `model`, `uptime`, `username`, `userid`, `articleid`, `name`, `tel`, `qq`) VALUES (11, '士大夫2', 'news', 1447757790, 'test', 14, 113, 'sdf', 'sdf', 'sdfsdf');@@ww@@INSERT INTO wl_member_baoming (`id`, `title`, `model`, `uptime`, `username`, `userid`, `articleid`, `name`, `tel`, `qq`) VALUES (12, '士大夫2', 'news', 1447757816, 'test', 14, 113, 'sdf', 'sdf', 'sdf');@@ww@@INSERT INTO wl_member_baoming (`id`, `title`, `model`, `uptime`, `username`, `userid`, `articleid`, `name`, `tel`, `qq`) VALUES (13, '士大夫2', 'news', 1447757840, 'test', 14, 113, 'sdf', 'sdf', 'dsf');@@ww@@INSERT INTO wl_member_baoming (`id`, `title`, `model`, `uptime`, `username`, `userid`, `articleid`, `name`, `tel`, `qq`) VALUES (14, '士大夫2', 'news', 1447757871, 'test', 14, 113, 'sdf', 'sdf', 'sdf');@@ww@@INSERT INTO wl_member_baoming (`id`, `title`, `model`, `uptime`, `username`, `userid`, `articleid`, `name`, `tel`, `qq`) VALUES (15, '士大夫2', 'news', 1447757890, 'test', 14, 113, 'sdf', 'sdf', 'sdfsdf');@@ww@@INSERT INTO wl_member_baoming (`id`, `title`, `model`, `uptime`, `username`, `userid`, `articleid`, `name`, `tel`, `qq`) VALUES (16, '士大夫2', 'news', 1447757931, 'test', 14, 113, 'sdfsdf', 'sdfsdf', 'sdfdsf');@@ww@@INSERT INTO wl_member_baoming (`id`, `title`, `model`, `uptime`, `username`, `userid`, `articleid`, `name`, `tel`, `qq`) VALUES (17, '士大夫2', 'news', 1447757959, 'test', 14, 113, 'sdfsdf', 'sdfdsf', 'sdfsdf');@@ww@@INSERT INTO wl_member_baoming (`id`, `title`, `model`, `uptime`, `username`, `userid`, `articleid`, `name`, `tel`, `qq`) VALUES (18, '士大夫2', 'news', 1447757975, 'test', 14, 113, 'sdfsdf', 'sdfsdf', 'sdfsdf');@@ww@@INSERT INTO wl_member_baoming (`id`, `title`, `model`, `uptime`, `username`, `userid`, `articleid`, `name`, `tel`, `qq`) VALUES (24, '的发生地方', 'news', 1447763008, 'test', 14, 117, '张三', '132565656', '329255343');@@ww@@INSERT INTO wl_member_baoming (`id`, `title`, `model`, `uptime`, `username`, `userid`, `articleid`, `name`, `tel`, `qq`) VALUES (27, '抢不到iPhone 6s的订单 三星要为华为提供屏幕', 'news', 1447763698, 'test', 14, 84, '张三', '132565656', '329255343');@@ww@@INSERT INTO wl_member_baoming (`id`, `title`, `model`, `uptime`, `username`, `userid`, `articleid`, `name`, `tel`, `qq`) VALUES (28, '抢不到iPhone 6s的订单 三星要为华为提供屏幕', 'news', 1447816691, NULL, NULL, 84, 'sdfsdf', 'sdfsdf', '');@@ww@@@@ww@@@@ww@@#@@ww@@# TABLE STRUCTURE FOR: wl_member_group@@ww@@#@@ww@@@@ww@@DROP TABLE IF EXISTS wl_member_group;@@ww@@@@ww@@CREATE TABLE `wl_member_group` (
  `id` tinyint(3) unsigned NOT NULL AUTO_INCREMENT,
  `name` char(15) NOT NULL,
  `issystem` tinyint(1) unsigned NOT NULL DEFAULT '0',
  `listorder` smallint(5) unsigned NOT NULL DEFAULT '0' COMMENT '排序',
  PRIMARY KEY (`id`)
) ENGINE=MyISAM AUTO_INCREMENT=9 DEFAULT CHARSET=utf8;@@ww@@@@ww@@INSERT INTO wl_member_group (`id`, `name`, `issystem`, `listorder`) VALUES (1, '普通会员', 1, 0);@@ww@@INSERT INTO wl_member_group (`id`, `name`, `issystem`, `listorder`) VALUES (2, 'VIP会员', 1, 0);@@ww@@INSERT INTO wl_member_group (`id`, `name`, `issystem`, `listorder`) VALUES (3, '新手上路22', 0, 0);@@ww@@INSERT INTO wl_member_group (`id`, `name`, `issystem`, `listorder`) VALUES (8, '新手上路3', 0, 0);@@ww@@@@ww@@@@ww@@#@@ww@@# TABLE STRUCTURE FOR: wl_member_mibao@@ww@@#@@ww@@@@ww@@DROP TABLE IF EXISTS wl_member_mibao;@@ww@@@@ww@@CREATE TABLE `wl_member_mibao` (
  `id` tinyint(3) unsigned NOT NULL AUTO_INCREMENT,
  `uid` int(11) NOT NULL DEFAULT '0',
  `username` char(20) NOT NULL DEFAULT '',
  `mibao_ques` text COMMENT '密保问题',
  PRIMARY KEY (`id`)
) ENGINE=MyISAM AUTO_INCREMENT=6 DEFAULT CHARSET=utf8 ROW_FORMAT=FIXED;@@ww@@@@ww@@INSERT INTO wl_member_mibao (`id`, `uid`, `username`, `mibao_ques`) VALUES (4, 14, 'test', 'array (\n  \'ques1\' => \'我父亲的姓名是？\',\n  \'ans1\' => \'123\',\n  \'ques2\' => \'我小学的名字?\',\n  \'ans2\' => \'123\',\n)');@@ww@@INSERT INTO wl_member_mibao (`id`, `uid`, `username`, `mibao_ques`) VALUES (5, 18, 'test1', 'array (\n  \'ques1\' => \'我最喜欢的人?\',\n  \'ans1\' => \'111\',\n  \'ques2\' => \'我父亲的姓名是？\',\n  \'ans2\' => \'222\',\n)');@@ww@@@@ww@@@@ww@@#@@ww@@# TABLE STRUCTURE FOR: wl_member_shoucang@@ww@@#@@ww@@@@ww@@DROP TABLE IF EXISTS wl_member_shoucang;@@ww@@@@ww@@CREATE TABLE `wl_member_shoucang` (
  `id` int(10) unsigned NOT NULL AUTO_INCREMENT COMMENT 'ID',
  `title` varchar(100) NOT NULL DEFAULT '' COMMENT '标题',
  `model` varchar(50) DEFAULT NULL COMMENT '文章模块',
  `uptime` int(10) unsigned NOT NULL DEFAULT '0' COMMENT '发布时间',
  `username` char(50) DEFAULT NULL COMMENT '用户名',
  `userid` int(10) unsigned DEFAULT NULL COMMENT '用户ID',
  `articleid` int(10) unsigned NOT NULL DEFAULT '0' COMMENT '文章id',
  PRIMARY KEY (`id`),
  KEY `userid` (`userid`)
) ENGINE=MyISAM AUTO_INCREMENT=19 DEFAULT CHARSET=utf8 ROW_FORMAT=DYNAMIC;@@ww@@@@ww@@INSERT INTO wl_member_shoucang (`id`, `title`, `model`, `uptime`, `username`, `userid`, `articleid`) VALUES (13, '抢不到iPhone 6s的订单 三星要为华为提供屏幕', 'news', 1447744163, 'test', 14, 84);@@ww@@INSERT INTO wl_member_shoucang (`id`, `title`, `model`, `uptime`, `username`, `userid`, `articleid`) VALUES (14, '的发生地方', 'news', 1447744541, 'test', 14, 117);@@ww@@INSERT INTO wl_member_shoucang (`id`, `title`, `model`, `uptime`, `username`, `userid`, `articleid`) VALUES (15, '是的发送到', 'news', 1447746838, 'test', 14, 120);@@ww@@INSERT INTO wl_member_shoucang (`id`, `title`, `model`, `uptime`, `username`, `userid`, `articleid`) VALUES (16, '士大夫2', 'news', 1447748160, 'test', 14, 112);@@ww@@INSERT INTO wl_member_shoucang (`id`, `title`, `model`, `uptime`, `username`, `userid`, `articleid`) VALUES (17, '士大夫2', 'news', 1447761442, 'test', 14, 113);@@ww@@INSERT INTO wl_member_shoucang (`id`, `title`, `model`, `uptime`, `username`, `userid`, `articleid`) VALUES (18, '中美就5G和卫星频率等议题展开沟通', 'news', 1462952314, 'test', 14, 82);@@ww@@@@ww@@@@ww@@#@@ww@@# TABLE STRUCTURE FOR: wl_message@@ww@@#@@ww@@@@ww@@DROP TABLE IF EXISTS wl_message;@@ww@@@@ww@@CREATE TABLE `wl_message` (
  `id` int(10) unsigned NOT NULL AUTO_INCREMENT COMMENT '主键ID',
  `title` varchar(100) NOT NULL DEFAULT '' COMMENT '留言主题',
  `status` int(1) DEFAULT '0' COMMENT '0:不通过 1:通过',
  `uptime` int(10) unsigned NOT NULL DEFAULT '0' COMMENT '留言时间',
  `address` varchar(255) DEFAULT NULL COMMENT '地址',
  `name` varchar(50) DEFAULT NULL COMMENT '联系人',
  `tel` varchar(30) DEFAULT NULL COMMENT '电话',
  `email` varchar(50) DEFAULT NULL COMMENT '邮箱',
  `content` text NOT NULL COMMENT '留言内容',
  `ask` text COMMENT '回复留言',
  `asktime` int(10) NOT NULL DEFAULT '0' COMMENT '回复时间',
  `ip` varchar(15) DEFAULT NULL COMMENT '留言IP',
  PRIMARY KEY (`id`)
) ENGINE=MyISAM AUTO_INCREMENT=19 DEFAULT CHARSET=utf8 ROW_FORMAT=DYNAMIC COMMENT='留言表';@@ww@@@@ww@@INSERT INTO wl_message (`id`, `title`, `status`, `uptime`, `address`, `name`, `tel`, `email`, `content`, `ask`, `asktime`, `ip`) VALUES (18, 'sdfsdf', 0, 1471924104, '', 'sdf', 'sdfsdf', '', 'sdfsdfsdfsdf', NULL, 0, '127.0.0.1');@@ww@@@@ww@@@@ww@@#@@ww@@# TABLE STRUCTURE FOR: wl_model@@ww@@#@@ww@@@@ww@@DROP TABLE IF EXISTS wl_model;@@ww@@@@ww@@CREATE TABLE `wl_model` (
  `id` smallint(5) unsigned NOT NULL AUTO_INCREMENT,
  `name` char(30) NOT NULL,
  `tablename` char(20) NOT NULL,
  `type` tinyint(1) NOT NULL DEFAULT '0',
  `des` varchar(800) DEFAULT NULL COMMENT '描述',
  `listorder` mediumint(8) unsigned NOT NULL DEFAULT '0',
  PRIMARY KEY (`id`),
  KEY `type` (`type`)
) ENGINE=MyISAM AUTO_INCREMENT=38 DEFAULT CHARSET=utf8 ROW_FORMAT=DYNAMIC;@@ww@@@@ww@@INSERT INTO wl_model (`id`, `name`, `tablename`, `type`, `des`, `listorder`) VALUES (2, '单页面', 'page', 1, '单页面模型', 0);@@ww@@INSERT INTO wl_model (`id`, `name`, `tablename`, `type`, `des`, `listorder`) VALUES (5, '外部链接', 'url', 1, NULL, 0);@@ww@@INSERT INTO wl_model (`id`, `name`, `tablename`, `type`, `des`, `listorder`) VALUES (11, '新闻模型', 'news', 0, '新闻资讯', 0);@@ww@@INSERT INTO wl_model (`id`, `name`, `tablename`, `type`, `des`, `listorder`) VALUES (13, '产品模型', 'product', 0, '', 0);@@ww@@INSERT INTO wl_model (`id`, `name`, `tablename`, `type`, `des`, `listorder`) VALUES (37, '成功案例', 'scase', 0, '', 0);@@ww@@@@ww@@@@ww@@#@@ww@@# TABLE STRUCTURE FOR: wl_model_field@@ww@@#@@ww@@@@ww@@DROP TABLE IF EXISTS wl_model_field;@@ww@@@@ww@@CREATE TABLE `wl_model_field` (
  `id` int(11) NOT NULL AUTO_INCREMENT,
  `modelid` smallint(5) unsigned NOT NULL DEFAULT '0',
  `field` varchar(20) NOT NULL DEFAULT '' COMMENT '字段',
  `name` varchar(30) NOT NULL DEFAULT '' COMMENT '字段名称',
  `minlength` int(10) unsigned NOT NULL DEFAULT '0',
  `maxlength` int(10) unsigned NOT NULL DEFAULT '0',
  `status` tinyint(2) unsigned NOT NULL DEFAULT '0' COMMENT '状态:0启用 1禁用',
  `listorder` mediumint(8) unsigned NOT NULL DEFAULT '0',
  `setting` mediumtext NOT NULL COMMENT '参数设置',
  `formtype` varchar(20) NOT NULL DEFAULT '' COMMENT '字段类型',
  `tips` text NOT NULL COMMENT '提示文字',
  `issystem` tinyint(1) unsigned NOT NULL DEFAULT '0' COMMENT '是否系统字段。1是 0 否',
  `isunique` tinyint(1) unsigned NOT NULL DEFAULT '0' COMMENT '必填字段：1必填 0 选填',
  `errortips` varchar(255) NOT NULL DEFAULT '' COMMENT '数据未通过提醒',
  `pattern` varchar(255) NOT NULL DEFAULT '' COMMENT '正则验证规则',
  `isadd` tinyint(1) unsigned DEFAULT '1' COMMENT '前端投稿是否显示。1是 0 否',
  PRIMARY KEY (`id`)
) ENGINE=MyISAM AUTO_INCREMENT=272 DEFAULT CHARSET=utf8;@@ww@@@@ww@@INSERT INTO wl_model_field (`id`, `modelid`, `field`, `name`, `minlength`, `maxlength`, `status`, `listorder`, `setting`, `formtype`, `tips`, `issystem`, `isunique`, `errortips`, `pattern`, `isadd`) VALUES (1, 11, 'catid', '栏目', 0, 0, 0, 10, 'array (\n  \'width\' => \'700\',\n  \'height\' => \'300\',\n  \'defaultvalue\' => \'\',\n)', 'catid', '', 1, 1, '', '', 1);@@ww@@INSERT INTO wl_model_field (`id`, `modelid`, `field`, `name`, `minlength`, `maxlength`, `status`, `listorder`, `setting`, `formtype`, `tips`, `issystem`, `isunique`, `errortips`, `pattern`, `isadd`) VALUES (2, 11, 'title', '标题', 3, 100, 0, 9, 'array (\n  \'size\' => \'60\',\n  \'defaultvalue\' => \'\',\n)', 'text', '', 1, 1, '', '', 1);@@ww@@INSERT INTO wl_model_field (`id`, `modelid`, `field`, `name`, `minlength`, `maxlength`, `status`, `listorder`, `setting`, `formtype`, `tips`, `issystem`, `isunique`, `errortips`, `pattern`, `isadd`) VALUES (3, 11, 'des', '描述', 0, 0, 1, 7, 'array (\n  \'width\' => \'700\',\n  \'height\' => \'46\',\n  \'defaultvalue\' => \'\',\n)', 'textarea', '', 1, 0, '', '', 0);@@ww@@INSERT INTO wl_model_field (`id`, `modelid`, `field`, `name`, `minlength`, `maxlength`, `status`, `listorder`, `setting`, `formtype`, `tips`, `issystem`, `isunique`, `errortips`, `pattern`, `isadd`) VALUES (4, 11, 'image', '封面图片', 0, 0, 1, 6, 'array (\n  \'upload_allowext\' => \'gif|jpg|png|jpeg|bmp\',\n)', 'image', '', 1, 0, '', '', 1);@@ww@@INSERT INTO wl_model_field (`id`, `modelid`, `field`, `name`, `minlength`, `maxlength`, `status`, `listorder`, `setting`, `formtype`, `tips`, `issystem`, `isunique`, `errortips`, `pattern`, `isadd`) VALUES (5, 11, 'position', '推荐位', 0, 0, 1, 5, '', 'position', '非必选项，可不填(如何使用，请咨询管理员)', 1, 0, '', '', 0);@@ww@@INSERT INTO wl_model_field (`id`, `modelid`, `field`, `name`, `minlength`, `maxlength`, `status`, `listorder`, `setting`, `formtype`, `tips`, `issystem`, `isunique`, `errortips`, `pattern`, `isadd`) VALUES (6, 11, 'content', '内容', 0, 0, 0, 4, 'array (\n  \'defaultvalue\' => \'\',\n  \'height\' => \'300\',\n  \'width\' => \'700\',\n)', 'editor', '<div class=\"content_attr\"><label><input name=\"info[add_introduce]\" type=\"checkbox\"  value=\"1\" checked>是否截取内容</label><input type=\"text\" name=\"info[introcude_length]\" value=\"255\" size=\"3\">字符至描述\r\n<label><input type=\'checkbox\' name=\'info[auto_thumb]\' value=\"1\" checked>是否获取内容第1张图片作为标题图片\r\n</div>', 1, 0, '', '', 1);@@ww@@INSERT INTO wl_model_field (`id`, `modelid`, `field`, `name`, `minlength`, `maxlength`, `status`, `listorder`, `setting`, `formtype`, `tips`, `issystem`, `isunique`, `errortips`, `pattern`, `isadd`) VALUES (7, 11, 'status', '通过审核', 0, 0, 0, 3, '', 'status', '', 1, 0, '', '', 0);@@ww@@INSERT INTO wl_model_field (`id`, `modelid`, `field`, `name`, `minlength`, `maxlength`, `status`, `listorder`, `setting`, `formtype`, `tips`, `issystem`, `isunique`, `errortips`, `pattern`, `isadd`) VALUES (8, 11, 'uptime', '发布时间', 0, 0, 0, 3, '', 'datetime', '', 1, 0, '', '', 0);@@ww@@INSERT INTO wl_model_field (`id`, `modelid`, `field`, `name`, `minlength`, `maxlength`, `status`, `listorder`, `setting`, `formtype`, `tips`, `issystem`, `isunique`, `errortips`, `pattern`, `isadd`) VALUES (9, 11, 'hits', '点击次数', 0, 0, 0, 2, 'array (\n  \'size\' => \'20\',\n  \'defaultvalue\' => \'0\',\n)', 'text', '', 1, 0, '', '', 0);@@ww@@INSERT INTO wl_model_field (`id`, `modelid`, `field`, `name`, `minlength`, `maxlength`, `status`, `listorder`, `setting`, `formtype`, `tips`, `issystem`, `isunique`, `errortips`, `pattern`, `isadd`) VALUES (10, 11, 'keyword', '关键字', 0, 0, 0, 8, 'array (\n  \'size\' => \'40\',\n  \'defaultvalue\' => \'\',\n)', 'text', '多关键词之间用空格或者“,”隔开', 1, 0, '', '', 1);@@ww@@INSERT INTO wl_model_field (`id`, `modelid`, `field`, `name`, `minlength`, `maxlength`, `status`, `listorder`, `setting`, `formtype`, `tips`, `issystem`, `isunique`, `errortips`, `pattern`, `isadd`) VALUES (11, 13, 'catid', '栏目', 0, 0, 0, 10, 'array (\n  \'width\' => \'700\',\n  \'height\' => \'300\',\n  \'defaultvalue\' => \'\',\n)', 'catid', '', 1, 1, '', '', 1);@@ww@@INSERT INTO wl_model_field (`id`, `modelid`, `field`, `name`, `minlength`, `maxlength`, `status`, `listorder`, `setting`, `formtype`, `tips`, `issystem`, `isunique`, `errortips`, `pattern`, `isadd`) VALUES (12, 13, 'title', '标题', 3, 100, 0, 9, 'array (\n  \'size\' => \'60\',\n  \'defaultvalue\' => \'\',\n)', 'text', '', 1, 1, '', '', 1);@@ww@@INSERT INTO wl_model_field (`id`, `modelid`, `field`, `name`, `minlength`, `maxlength`, `status`, `listorder`, `setting`, `formtype`, `tips`, `issystem`, `isunique`, `errortips`, `pattern`, `isadd`) VALUES (13, 13, 'des', '描述', 0, 0, 0, 7, 'array (\n  \'width\' => \'700\',\n  \'height\' => \'46\',\n  \'defaultvalue\' => \'\',\n)', 'textarea', '', 1, 0, '', '', 1);@@ww@@INSERT INTO wl_model_field (`id`, `modelid`, `field`, `name`, `minlength`, `maxlength`, `status`, `listorder`, `setting`, `formtype`, `tips`, `issystem`, `isunique`, `errortips`, `pattern`, `isadd`) VALUES (14, 13, 'image', '封面图片', 0, 0, 0, 5, 'array (\n  \'upload_allowext\' => \'gif|jpg|png|jpeg|bmp\',\n)', 'image', '', 1, 0, '', '', 1);@@ww@@INSERT INTO wl_model_field (`id`, `modelid`, `field`, `name`, `minlength`, `maxlength`, `status`, `listorder`, `setting`, `formtype`, `tips`, `issystem`, `isunique`, `errortips`, `pattern`, `isadd`) VALUES (15, 13, 'position', '推荐位', 0, 0, 1, 4, '', 'position', '非必选项，可不填(如何使用，请咨询管理员)', 1, 0, '', '', 0);@@ww@@INSERT INTO wl_model_field (`id`, `modelid`, `field`, `name`, `minlength`, `maxlength`, `status`, `listorder`, `setting`, `formtype`, `tips`, `issystem`, `isunique`, `errortips`, `pattern`, `isadd`) VALUES (16, 13, 'content', '内容', 0, 0, 0, 3, 'array (\n  \'defaultvalue\' => \'\',\n  \'height\' => \'300\',\n  \'width\' => \'700\',\n)', 'editor', '<div class=\"content_attr\"><label><input name=\"info[add_introduce]\" type=\"checkbox\"  value=\"1\" checked>是否截取内容</label><input type=\"text\" name=\"info[introcude_length]\" value=\"255\" size=\"3\">字符至描述\r\n<label><input type=\'checkbox\' name=\'info[auto_thumb]\' value=\"1\" checked>是否获取内容第1张图片作为标题图片\r\n</div>', 1, 0, '', '', 1);@@ww@@INSERT INTO wl_model_field (`id`, `modelid`, `field`, `name`, `minlength`, `maxlength`, `status`, `listorder`, `setting`, `formtype`, `tips`, `issystem`, `isunique`, `errortips`, `pattern`, `isadd`) VALUES (17, 13, 'status', '通过审核', 0, 0, 0, 1, '', 'status', '', 1, 0, '', '', 0);@@ww@@INSERT INTO wl_model_field (`id`, `modelid`, `field`, `name`, `minlength`, `maxlength`, `status`, `listorder`, `setting`, `formtype`, `tips`, `issystem`, `isunique`, `errortips`, `pattern`, `isadd`) VALUES (18, 13, 'uptime', '发布时间', 0, 0, 0, 2, '', 'datetime', '', 1, 0, '', '', 0);@@ww@@INSERT INTO wl_model_field (`id`, `modelid`, `field`, `name`, `minlength`, `maxlength`, `status`, `listorder`, `setting`, `formtype`, `tips`, `issystem`, `isunique`, `errortips`, `pattern`, `isadd`) VALUES (19, 13, 'hits', '点击次数', 0, 0, 0, 0, 'array (\n  \'size\' => \'20\',\n  \'defaultvalue\' => \'0\',\n)', 'text', '', 1, 0, '', '', 0);@@ww@@INSERT INTO wl_model_field (`id`, `modelid`, `field`, `name`, `minlength`, `maxlength`, `status`, `listorder`, `setting`, `formtype`, `tips`, `issystem`, `isunique`, `errortips`, `pattern`, `isadd`) VALUES (20, 13, 'keyword', '关键字', 0, 0, 0, 8, 'array (\n  \'size\' => \'40\',\n  \'defaultvalue\' => \'\',\n)', 'text', '多关键词之间用空格或者“,”隔开', 1, 0, '', '', 1);@@ww@@INSERT INTO wl_model_field (`id`, `modelid`, `field`, `name`, `minlength`, `maxlength`, `status`, `listorder`, `setting`, `formtype`, `tips`, `issystem`, `isunique`, `errortips`, `pattern`, `isadd`) VALUES (43, 13, 'bid', '品牌', 0, 0, 1, 6, 'array (\n  \'width\' => \'700\',\n  \'height\' => \'300\',\n  \'defaultvalue\' => \'\',\n)', 'bid', '', 1, 0, '', '', 1);@@ww@@INSERT INTO wl_model_field (`id`, `modelid`, `field`, `name`, `minlength`, `maxlength`, `status`, `listorder`, `setting`, `formtype`, `tips`, `issystem`, `isunique`, `errortips`, `pattern`, `isadd`) VALUES (271, 37, 'keyword', '关键字', 0, 0, 0, 8, 'array (\n  \'size\' => \'40\',\n  \'defaultvalue\' => \'\',\n)', 'text', '多关键词之间用空格或者“,”隔开', 1, 0, '', '', 1);@@ww@@INSERT INTO wl_model_field (`id`, `modelid`, `field`, `name`, `minlength`, `maxlength`, `status`, `listorder`, `setting`, `formtype`, `tips`, `issystem`, `isunique`, `errortips`, `pattern`, `isadd`) VALUES (270, 37, 'hits', '点击次数', 0, 0, 0, 2, 'array (\n  \'size\' => \'20\',\n  \'defaultvalue\' => \'0\',\n)', 'text', '', 1, 0, '', '', 1);@@ww@@INSERT INTO wl_model_field (`id`, `modelid`, `field`, `name`, `minlength`, `maxlength`, `status`, `listorder`, `setting`, `formtype`, `tips`, `issystem`, `isunique`, `errortips`, `pattern`, `isadd`) VALUES (268, 37, 'status', '通过审核', 0, 0, 0, 3, '', 'status', '', 1, 0, '', '', 1);@@ww@@INSERT INTO wl_model_field (`id`, `modelid`, `field`, `name`, `minlength`, `maxlength`, `status`, `listorder`, `setting`, `formtype`, `tips`, `issystem`, `isunique`, `errortips`, `pattern`, `isadd`) VALUES (269, 37, 'uptime', '发布时间', 0, 0, 0, 3, '', 'datetime', '', 1, 0, '', '', 1);@@ww@@INSERT INTO wl_model_field (`id`, `modelid`, `field`, `name`, `minlength`, `maxlength`, `status`, `listorder`, `setting`, `formtype`, `tips`, `issystem`, `isunique`, `errortips`, `pattern`, `isadd`) VALUES (266, 37, 'position', '推荐位', 0, 0, 1, 5, '', 'position', '', 1, 0, '', '', 1);@@ww@@INSERT INTO wl_model_field (`id`, `modelid`, `field`, `name`, `minlength`, `maxlength`, `status`, `listorder`, `setting`, `formtype`, `tips`, `issystem`, `isunique`, `errortips`, `pattern`, `isadd`) VALUES (267, 37, 'content', '内容', 0, 0, 0, 4, 'array (\n  \'width\' => \'700\',\n  \'height\' => \'300\',\n  \'defaultvalue\' => \'\',\n)', 'editor', '', 1, 0, '', '', 1);@@ww@@INSERT INTO wl_model_field (`id`, `modelid`, `field`, `name`, `minlength`, `maxlength`, `status`, `listorder`, `setting`, `formtype`, `tips`, `issystem`, `isunique`, `errortips`, `pattern`, `isadd`) VALUES (265, 37, 'image', '封面图片', 0, 0, 0, 6, 'array (\n  \'upload_allowext\' => \'gif|jpg|png|jpeg|bmp\',\n)', 'image', '', 1, 0, '', '', 1);@@ww@@INSERT INTO wl_model_field (`id`, `modelid`, `field`, `name`, `minlength`, `maxlength`, `status`, `listorder`, `setting`, `formtype`, `tips`, `issystem`, `isunique`, `errortips`, `pattern`, `isadd`) VALUES (264, 37, 'des', '描述', 0, 0, 0, 7, 'array (\n  \'width\' => \'700\',\n  \'height\' => \'46\',\n  \'defaultvalue\' => \'\',\n)', 'textarea', '', 1, 0, '', '', 1);@@ww@@INSERT INTO wl_model_field (`id`, `modelid`, `field`, `name`, `minlength`, `maxlength`, `status`, `listorder`, `setting`, `formtype`, `tips`, `issystem`, `isunique`, `errortips`, `pattern`, `isadd`) VALUES (262, 37, 'catid', '栏目', 0, 0, 0, 10, 'array (\n  \'width\' => \'700\',\n  \'height\' => \'300\',\n  \'defaultvalue\' => \'\',\n)', 'catid', '', 1, 1, '', '', 1);@@ww@@INSERT INTO wl_model_field (`id`, `modelid`, `field`, `name`, `minlength`, `maxlength`, `status`, `listorder`, `setting`, `formtype`, `tips`, `issystem`, `isunique`, `errortips`, `pattern`, `isadd`) VALUES (263, 37, 'title', '标题', 3, 100, 0, 9, 'array (\n  \'size\' => \'60\',\n  \'defaultvalue\' => \'\',\n)', 'text', '', 1, 1, '', '', 1);@@ww@@@@ww@@@@ww@@#@@ww@@# TABLE STRUCTURE FOR: wl_news@@ww@@#@@ww@@@@ww@@DROP TABLE IF EXISTS wl_news;@@ww@@@@ww@@CREATE TABLE `wl_news` (
  `id` int(10) unsigned NOT NULL AUTO_INCREMENT COMMENT 'ID',
  `catid` int(10) unsigned NOT NULL DEFAULT '0' COMMENT '栏目id',
  `title` varchar(100) NOT NULL DEFAULT '' COMMENT '标题',
  `des` varchar(800) DEFAULT NULL COMMENT '摘要',
  `content` text NOT NULL COMMENT '内容',
  `image` varchar(100) DEFAULT NULL COMMENT '图片',
  `hits` int(10) unsigned NOT NULL DEFAULT '0' COMMENT '点击次数',
  `uptime` int(10) unsigned NOT NULL DEFAULT '0' COMMENT '发布时间',
  `position` varchar(50) DEFAULT '0' COMMENT '推荐位',
  `status` tinyint(2) unsigned NOT NULL DEFAULT '0' COMMENT '状态',
  `listorder` smallint(5) unsigned NOT NULL DEFAULT '0',
  `username` char(50) NOT NULL DEFAULT '' COMMENT '发布人',
  `keyword` varchar(100) DEFAULT NULL COMMENT '关键字',
  PRIMARY KEY (`id`),
  KEY `tid` (`catid`)
) ENGINE=MyISAM AUTO_INCREMENT=20 DEFAULT CHARSET=utf8;@@ww@@@@ww@@INSERT INTO wl_news (`id`, `catid`, `title`, `des`, `content`, `image`, `hits`, `uptime`, `position`, `status`, `listorder`, `username`, `keyword`) VALUES (1, 11, '广州爱搜客专注于高端网站建设，SEO优化', '广州爱搜客网络公司-国内顶尖的企业网络营销推广团队!专业提供百度SEM竞价、SEO外包、中高端网站建设、网站设计制作、网站优化等网络营销推广服务！广州爱搜客网络公司-国内顶尖的企业网络营销推广团队!专业提供百度SEM竞价、SEO外包、中高端网站建设、网站设计制作、网站优', '<p>\r\n	广州爱搜客网络公司-国内顶尖的企业网络营销推广团队!专业提供百度SEM竞价、SEO外包、中高端网站建设、网站设计制作、网站优化等网络营销推广服务！\r\n</p>\r\n<p>\r\n	广州爱搜客网络公司-国内顶尖的企业网络营销推广团队!专业提供百度SEM竞价、SEO外包、中高端网站建设、网站设计制作、网站优化等网络营销推广服务！\r\n</p>\r\n<p>\r\n	广州爱搜客网络公司-国内顶尖的企业网络营销推广团队!专业提供百度SEM竞价、SEO外包、中高端网站建设、网站设计制作、网站优化等网络营销推广服务！\r\n</p>\n', NULL, 0, 1471920357, '0', 1, 0, 'admin', NULL);@@ww@@INSERT INTO wl_news (`id`, `catid`, `title`, `des`, `content`, `image`, `hits`, `uptime`, `position`, `status`, `listorder`, `username`, `keyword`) VALUES (2, 11, '广州爱搜客专注于高端网站建设，SEO优化', '广州爱搜客网络公司-国内顶尖的企业网络营销推广团队!专业提供百度SEM竞价、SEO外包、中高端网站建设、网站设计制作、网站优化等网络营销推广服务！广州爱搜客网络公司-国内顶尖的企业网络营销推广团队!专业提供百度SEM竞价、SEO外包、中高端网站建设、网站设计制作、网站优', '<p>\r\n	广州爱搜客网络公司-国内顶尖的企业网络营销推广团队!专业提供百度SEM竞价、SEO外包、中高端网站建设、网站设计制作、网站优化等网络营销推广服务！\r\n</p>\r\n<p>\r\n	广州爱搜客网络公司-国内顶尖的企业网络营销推广团队!专业提供百度SEM竞价、SEO外包、中高端网站建设、网站设计制作、网站优化等网络营销推广服务！\r\n</p>\r\n<p>\r\n	广州爱搜客网络公司-国内顶尖的企业网络营销推广团队!专业提供百度SEM竞价、SEO外包、中高端网站建设、网站设计制作、网站优化等网络营销推广服务！\r\n</p>\n', NULL, 3, 1471920357, '0', 1, 0, 'admin', NULL);@@ww@@INSERT INTO wl_news (`id`, `catid`, `title`, `des`, `content`, `image`, `hits`, `uptime`, `position`, `status`, `listorder`, `username`, `keyword`) VALUES (3, 11, '广州爱搜客专注于高端网站建设，SEO优化', '广州爱搜客网络公司-国内顶尖的企业网络营销推广团队!专业提供百度SEM竞价、SEO外包、中高端网站建设、网站设计制作、网站优化等网络营销推广服务！广州爱搜客网络公司-国内顶尖的企业网络营销推广团队!专业提供百度SEM竞价、SEO外包、中高端网站建设、网站设计制作、网站优', '<p>\r\n	广州爱搜客网络公司-国内顶尖的企业网络营销推广团队!专业提供百度SEM竞价、SEO外包、中高端网站建设、网站设计制作、网站优化等网络营销推广服务！\r\n</p>\r\n<p>\r\n	广州爱搜客网络公司-国内顶尖的企业网络营销推广团队!专业提供百度SEM竞价、SEO外包、中高端网站建设、网站设计制作、网站优化等网络营销推广服务！\r\n</p>\r\n<p>\r\n	广州爱搜客网络公司-国内顶尖的企业网络营销推广团队!专业提供百度SEM竞价、SEO外包、中高端网站建设、网站设计制作、网站优化等网络营销推广服务！\r\n</p>\n', NULL, 0, 1471920357, '0', 1, 0, 'admin', NULL);@@ww@@INSERT INTO wl_news (`id`, `catid`, `title`, `des`, `content`, `image`, `hits`, `uptime`, `position`, `status`, `listorder`, `username`, `keyword`) VALUES (4, 11, '广州爱搜客专注于高端网站建设，SEO优化', '广州爱搜客网络公司-国内顶尖的企业网络营销推广团队!专业提供百度SEM竞价、SEO外包、中高端网站建设、网站设计制作、网站优化等网络营销推广服务！广州爱搜客网络公司-国内顶尖的企业网络营销推广团队!专业提供百度SEM竞价、SEO外包、中高端网站建设、网站设计制作、网站优', '<p>\r\n	广州爱搜客网络公司-国内顶尖的企业网络营销推广团队!专业提供百度SEM竞价、SEO外包、中高端网站建设、网站设计制作、网站优化等网络营销推广服务！\r\n</p>\r\n<p>\r\n	广州爱搜客网络公司-国内顶尖的企业网络营销推广团队!专业提供百度SEM竞价、SEO外包、中高端网站建设、网站设计制作、网站优化等网络营销推广服务！\r\n</p>\r\n<p>\r\n	广州爱搜客网络公司-国内顶尖的企业网络营销推广团队!专业提供百度SEM竞价、SEO外包、中高端网站建设、网站设计制作、网站优化等网络营销推广服务！\r\n</p>\n', NULL, 0, 1471920357, '0', 1, 0, 'admin', NULL);@@ww@@INSERT INTO wl_news (`id`, `catid`, `title`, `des`, `content`, `image`, `hits`, `uptime`, `position`, `status`, `listorder`, `username`, `keyword`) VALUES (5, 12, '广州爱搜客专注于高端网站建设，SEO优化', '广州爱搜客网络公司-国内顶尖的企业网络营销推广团队!专业提供百度SEM竞价、SEO外包、中高端网站建设、网站设计制作、网站优化等网络营销推广服务！广州爱搜客网络公司-国内顶尖的企业网络营销推广团队!专业提供百度SEM竞价、SEO外包、中高端网站建设、网站设计制作、网站优', '<p>\r\n	广州爱搜客网络公司-国内顶尖的企业网络营销推广团队!专业提供百度SEM竞价、SEO外包、中高端网站建设、网站设计制作、网站优化等网络营销推广服务！\r\n</p>\r\n<p>\r\n	广州爱搜客网络公司-国内顶尖的企业网络营销推广团队!专业提供百度SEM竞价、SEO外包、中高端网站建设、网站设计制作、网站优化等网络营销推广服务！\r\n</p>\r\n<p>\r\n	广州爱搜客网络公司-国内顶尖的企业网络营销推广团队!专业提供百度SEM竞价、SEO外包、中高端网站建设、网站设计制作、网站优化等网络营销推广服务！\r\n</p>\n', NULL, 0, 1471920357, '0', 1, 0, 'admin', NULL);@@ww@@INSERT INTO wl_news (`id`, `catid`, `title`, `des`, `content`, `image`, `hits`, `uptime`, `position`, `status`, `listorder`, `username`, `keyword`) VALUES (6, 12, '广州爱搜客专注于高端网站建设，SEO优化', '广州爱搜客网络公司-国内顶尖的企业网络营销推广团队!专业提供百度SEM竞价、SEO外包、中高端网站建设、网站设计制作、网站优化等网络营销推广服务！广州爱搜客网络公司-国内顶尖的企业网络营销推广团队!专业提供百度SEM竞价、SEO外包、中高端网站建设、网站设计制作、网站优', '<p>\r\n	广州爱搜客网络公司-国内顶尖的企业网络营销推广团队!专业提供百度SEM竞价、SEO外包、中高端网站建设、网站设计制作、网站优化等网络营销推广服务！\r\n</p>\r\n<p>\r\n	广州爱搜客网络公司-国内顶尖的企业网络营销推广团队!专业提供百度SEM竞价、SEO外包、中高端网站建设、网站设计制作、网站优化等网络营销推广服务！\r\n</p>\r\n<p>\r\n	广州爱搜客网络公司-国内顶尖的企业网络营销推广团队!专业提供百度SEM竞价、SEO外包、中高端网站建设、网站设计制作、网站优化等网络营销推广服务！\r\n</p>\n', NULL, 0, 1471920357, '0', 1, 0, 'admin', NULL);@@ww@@INSERT INTO wl_news (`id`, `catid`, `title`, `des`, `content`, `image`, `hits`, `uptime`, `position`, `status`, `listorder`, `username`, `keyword`) VALUES (7, 11, '广州爱搜客专注于高端网站建设，SEO优化', '广州爱搜客网络公司-国内顶尖的企业网络营销推广团队!专业提供百度SEM竞价、SEO外包、中高端网站建设、网站设计制作、网站优化等网络营销推广服务！广州爱搜客网络公司-国内顶尖的企业网络营销推广团队!专业提供百度SEM竞价、SEO外包、中高端网站建设、网站设计制作、网站优', '<p>\r\n	广州爱搜客网络公司-国内顶尖的企业网络营销推广团队!专业提供百度SEM竞价、SEO外包、中高端网站建设、网站设计制作、网站优化等网络营销推广服务！\r\n</p>\r\n<p>\r\n	广州爱搜客网络公司-国内顶尖的企业网络营销推广团队!专业提供百度SEM竞价、SEO外包、中高端网站建设、网站设计制作、网站优化等网络营销推广服务！\r\n</p>\r\n<p>\r\n	广州爱搜客网络公司-国内顶尖的企业网络营销推广团队!专业提供百度SEM竞价、SEO外包、中高端网站建设、网站设计制作、网站优化等网络营销推广服务！\r\n</p>\n', NULL, 0, 1471920357, '0', 1, 0, 'admin', NULL);@@ww@@INSERT INTO wl_news (`id`, `catid`, `title`, `des`, `content`, `image`, `hits`, `uptime`, `position`, `status`, `listorder`, `username`, `keyword`) VALUES (8, 12, '广州爱搜客专注于高端网站建设，SEO优化', '广州爱搜客网络公司-国内顶尖的企业网络营销推广团队!专业提供百度SEM竞价、SEO外包、中高端网站建设、网站设计制作、网站优化等网络营销推广服务！广州爱搜客网络公司-国内顶尖的企业网络营销推广团队!专业提供百度SEM竞价、SEO外包、中高端网站建设、网站设计制作、网站优', '<p>\r\n	广州爱搜客网络公司-国内顶尖的企业网络营销推广团队!专业提供百度SEM竞价、SEO外包、中高端网站建设、网站设计制作、网站优化等网络营销推广服务！\r\n</p>\r\n<p>\r\n	广州爱搜客网络公司-国内顶尖的企业网络营销推广团队!专业提供百度SEM竞价、SEO外包、中高端网站建设、网站设计制作、网站优化等网络营销推广服务！\r\n</p>\r\n<p>\r\n	广州爱搜客网络公司-国内顶尖的企业网络营销推广团队!专业提供百度SEM竞价、SEO外包、中高端网站建设、网站设计制作、网站优化等网络营销推广服务！\r\n</p>\n', NULL, 0, 1471920357, '0', 1, 0, 'admin', NULL);@@ww@@INSERT INTO wl_news (`id`, `catid`, `title`, `des`, `content`, `image`, `hits`, `uptime`, `position`, `status`, `listorder`, `username`, `keyword`) VALUES (9, 11, '广州爱搜客专注于高端网站建设，SEO优化', '广州爱搜客网络公司-国内顶尖的企业网络营销推广团队!专业提供百度SEM竞价、SEO外包、中高端网站建设、网站设计制作、网站优化等网络营销推广服务！广州爱搜客网络公司-国内顶尖的企业网络营销推广团队!专业提供百度SEM竞价、SEO外包、中高端网站建设、网站设计制作、网站优', '<p>\r\n	广州爱搜客网络公司-国内顶尖的企业网络营销推广团队!专业提供百度SEM竞价、SEO外包、中高端网站建设、网站设计制作、网站优化等网络营销推广服务！\r\n</p>\r\n<p>\r\n	广州爱搜客网络公司-国内顶尖的企业网络营销推广团队!专业提供百度SEM竞价、SEO外包、中高端网站建设、网站设计制作、网站优化等网络营销推广服务！\r\n</p>\r\n<p>\r\n	广州爱搜客网络公司-国内顶尖的企业网络营销推广团队!专业提供百度SEM竞价、SEO外包、中高端网站建设、网站设计制作、网站优化等网络营销推广服务！\r\n</p>\n', NULL, 0, 1471920357, '0', 1, 0, 'admin', NULL);@@ww@@INSERT INTO wl_news (`id`, `catid`, `title`, `des`, `content`, `image`, `hits`, `uptime`, `position`, `status`, `listorder`, `username`, `keyword`) VALUES (10, 11, '广州爱搜客专注于高端网站建设，SEO优化', '广州爱搜客网络公司-国内顶尖的企业网络营销推广团队!专业提供百度SEM竞价、SEO外包、中高端网站建设、网站设计制作、网站优化等网络营销推广服务！广州爱搜客网络公司-国内顶尖的企业网络营销推广团队!专业提供百度SEM竞价、SEO外包、中高端网站建设、网站设计制作、网站优', '<p>\r\n	广州爱搜客网络公司-国内顶尖的企业网络营销推广团队!专业提供百度SEM竞价、SEO外包、中高端网站建设、网站设计制作、网站优化等网络营销推广服务！\r\n</p>\r\n<p>\r\n	广州爱搜客网络公司-国内顶尖的企业网络营销推广团队!专业提供百度SEM竞价、SEO外包、中高端网站建设、网站设计制作、网站优化等网络营销推广服务！\r\n</p>\r\n<p>\r\n	广州爱搜客网络公司-国内顶尖的企业网络营销推广团队!专业提供百度SEM竞价、SEO外包、中高端网站建设、网站设计制作、网站优化等网络营销推广服务！\r\n</p>\n', NULL, 0, 1471920357, '0', 1, 0, 'admin', NULL);@@ww@@INSERT INTO wl_news (`id`, `catid`, `title`, `des`, `content`, `image`, `hits`, `uptime`, `position`, `status`, `listorder`, `username`, `keyword`) VALUES (11, 12, '广州爱搜客专注于高端网站建设，SEO优化', '广州爱搜客网络公司-国内顶尖的企业网络营销推广团队!专业提供百度SEM竞价、SEO外包、中高端网站建设、网站设计制作、网站优化等网络营销推广服务！广州爱搜客网络公司-国内顶尖的企业网络营销推广团队!专业提供百度SEM竞价、SEO外包、中高端网站建设、网站设计制作、网站优', '<p>\r\n	广州爱搜客网络公司-国内顶尖的企业网络营销推广团队!专业提供百度SEM竞价、SEO外包、中高端网站建设、网站设计制作、网站优化等网络营销推广服务！\r\n</p>\r\n<p>\r\n	广州爱搜客网络公司-国内顶尖的企业网络营销推广团队!专业提供百度SEM竞价、SEO外包、中高端网站建设、网站设计制作、网站优化等网络营销推广服务！\r\n</p>\r\n<p>\r\n	广州爱搜客网络公司-国内顶尖的企业网络营销推广团队!专业提供百度SEM竞价、SEO外包、中高端网站建设、网站设计制作、网站优化等网络营销推广服务！\r\n</p>\n', NULL, 0, 1471920357, '0', 1, 0, 'admin', NULL);@@ww@@INSERT INTO wl_news (`id`, `catid`, `title`, `des`, `content`, `image`, `hits`, `uptime`, `position`, `status`, `listorder`, `username`, `keyword`) VALUES (12, 11, '广州爱搜客专注于高端网站建设，SEO优化', '广州爱搜客网络公司-国内顶尖的企业网络营销推广团队!专业提供百度SEM竞价、SEO外包、中高端网站建设、网站设计制作、网站优化等网络营销推广服务！广州爱搜客网络公司-国内顶尖的企业网络营销推广团队!专业提供百度SEM竞价、SEO外包、中高端网站建设、网站设计制作、网站优', '<p>\r\n	广州爱搜客网络公司-国内顶尖的企业网络营销推广团队!专业提供百度SEM竞价、SEO外包、中高端网站建设、网站设计制作、网站优化等网络营销推广服务！\r\n</p>\r\n<p>\r\n	广州爱搜客网络公司-国内顶尖的企业网络营销推广团队!专业提供百度SEM竞价、SEO外包、中高端网站建设、网站设计制作、网站优化等网络营销推广服务！\r\n</p>\r\n<p>\r\n	广州爱搜客网络公司-国内顶尖的企业网络营销推广团队!专业提供百度SEM竞价、SEO外包、中高端网站建设、网站设计制作、网站优化等网络营销推广服务！\r\n</p>\n', NULL, 1, 1471920357, '0', 1, 0, 'admin', NULL);@@ww@@INSERT INTO wl_news (`id`, `catid`, `title`, `des`, `content`, `image`, `hits`, `uptime`, `position`, `status`, `listorder`, `username`, `keyword`) VALUES (13, 12, '广州爱搜客专注于高端网站建设，SEO优化', '广州爱搜客网络公司-国内顶尖的企业网络营销推广团队!专业提供百度SEM竞价、SEO外包、中高端网站建设、网站设计制作、网站优化等网络营销推广服务！广州爱搜客网络公司-国内顶尖的企业网络营销推广团队!专业提供百度SEM竞价、SEO外包、中高端网站建设、网站设计制作、网站优', '<p>\r\n	广州爱搜客网络公司-国内顶尖的企业网络营销推广团队!专业提供百度SEM竞价、SEO外包、中高端网站建设、网站设计制作、网站优化等网络营销推广服务！\r\n</p>\r\n<p>\r\n	广州爱搜客网络公司-国内顶尖的企业网络营销推广团队!专业提供百度SEM竞价、SEO外包、中高端网站建设、网站设计制作、网站优化等网络营销推广服务！\r\n</p>\r\n<p>\r\n	广州爱搜客网络公司-国内顶尖的企业网络营销推广团队!专业提供百度SEM竞价、SEO外包、中高端网站建设、网站设计制作、网站优化等网络营销推广服务！\r\n</p>\n', NULL, 0, 1471920357, '0', 1, 0, 'admin', NULL);@@ww@@INSERT INTO wl_news (`id`, `catid`, `title`, `des`, `content`, `image`, `hits`, `uptime`, `position`, `status`, `listorder`, `username`, `keyword`) VALUES (14, 11, '广州爱搜客专注于高端网站建设，SEO优化', '广州爱搜客网络公司-国内顶尖的企业网络营销推广团队!专业提供百度SEM竞价、SEO外包、中高端网站建设、网站设计制作、网站优化等网络营销推广服务！广州爱搜客网络公司-国内顶尖的企业网络营销推广团队!专业提供百度SEM竞价、SEO外包、中高端网站建设、网站设计制作、网站优', '<p>\r\n	广州爱搜客网络公司-国内顶尖的企业网络营销推广团队!专业提供百度SEM竞价、SEO外包、中高端网站建设、网站设计制作、网站优化等网络营销推广服务！\r\n</p>\r\n<p>\r\n	广州爱搜客网络公司-国内顶尖的企业网络营销推广团队!专业提供百度SEM竞价、SEO外包、中高端网站建设、网站设计制作、网站优化等网络营销推广服务！\r\n</p>\r\n<p>\r\n	广州爱搜客网络公司-国内顶尖的企业网络营销推广团队!专业提供百度SEM竞价、SEO外包、中高端网站建设、网站设计制作、网站优化等网络营销推广服务！\r\n</p>\n', NULL, 0, 1471920357, '0', 1, 0, 'admin', NULL);@@ww@@INSERT INTO wl_news (`id`, `catid`, `title`, `des`, `content`, `image`, `hits`, `uptime`, `position`, `status`, `listorder`, `username`, `keyword`) VALUES (15, 12, '广州爱搜客专注于高端网站建设，SEO优化', '广州爱搜客网络公司-国内顶尖的企业网络营销推广团队!专业提供百度SEM竞价、SEO外包、中高端网站建设、网站设计制作、网站优化等网络营销推广服务！广州爱搜客网络公司-国内顶尖的企业网络营销推广团队!专业提供百度SEM竞价、SEO外包、中高端网站建设、网站设计制作、网站优', '<p>\r\n	广州爱搜客网络公司-国内顶尖的企业网络营销推广团队!专业提供百度SEM竞价、SEO外包、中高端网站建设、网站设计制作、网站优化等网络营销推广服务！\r\n</p>\r\n<p>\r\n	广州爱搜客网络公司-国内顶尖的企业网络营销推广团队!专业提供百度SEM竞价、SEO外包、中高端网站建设、网站设计制作、网站优化等网络营销推广服务！\r\n</p>\r\n<p>\r\n	广州爱搜客网络公司-国内顶尖的企业网络营销推广团队!专业提供百度SEM竞价、SEO外包、中高端网站建设、网站设计制作、网站优化等网络营销推广服务！\r\n</p>\n', NULL, 7, 1471920357, '0', 1, 0, 'admin', NULL);@@ww@@INSERT INTO wl_news (`id`, `catid`, `title`, `des`, `content`, `image`, `hits`, `uptime`, `position`, `status`, `listorder`, `username`, `keyword`) VALUES (16, 11, '广州爱搜客专注于高端网站建设，SEO优化', '广州爱搜客网络公司-国内顶尖的企业网络营销推广团队!专业提供百度SEM竞价、SEO外包、中高端网站建设、网站设计制作、网站优化等网络营销推广服务！广州爱搜客网络公司-国内顶尖的企业网络营销推广团队!专业提供百度SEM竞价、SEO外包、中高端网站建设、网站设计制作、网站优', '<p>\r\n	广州爱搜客网络公司-国内顶尖的企业网络营销推广团队!专业提供百度SEM竞价、SEO外包、中高端网站建设、网站设计制作、网站优化等网络营销推广服务！\r\n</p>\r\n<p>\r\n	广州爱搜客网络公司-国内顶尖的企业网络营销推广团队!专业提供百度SEM竞价、SEO外包、中高端网站建设、网站设计制作、网站优化等网络营销推广服务！\r\n</p>\r\n<p>\r\n	广州爱搜客网络公司-国内顶尖的企业网络营销推广团队!专业提供百度SEM竞价、SEO外包、中高端网站建设、网站设计制作、网站优化等网络营销推广服务！\r\n</p>\n', NULL, 3, 1471920357, '0', 1, 0, 'admin', NULL);@@ww@@INSERT INTO wl_news (`id`, `catid`, `title`, `des`, `content`, `image`, `hits`, `uptime`, `position`, `status`, `listorder`, `username`, `keyword`) VALUES (17, 12, '广州爱搜客专注于高端网站建设，SEO优化', '广州爱搜客网络公司-国内顶尖的企业网络营销推广团队!专业提供百度SEM竞价、SEO外包、中高端网站建设、网站设计制作、网站优化等网络营销推广服务！广州爱搜客网络公司-国内顶尖的企业网络营销推广团队!专业提供百度SEM竞价、SEO外包、中高端网站建设、网站设计制作、网站优', '<p>\r\n	广州爱搜客网络公司-国内顶尖的企业网络营销推广团队!专业提供百度SEM竞价、SEO外包、中高端网站建设、网站设计制作、网站优化等网络营销推广服务！\r\n</p>\r\n<p>\r\n	广州爱搜客网络公司-国内顶尖的企业网络营销推广团队!专业提供百度SEM竞价、SEO外包、中高端网站建设、网站设计制作、网站优化等网络营销推广服务！\r\n</p>\r\n<p>\r\n	广州爱搜客网络公司-国内顶尖的企业网络营销推广团队!专业提供百度SEM竞价、SEO外包、中高端网站建设、网站设计制作、网站优化等网络营销推广服务！\r\n</p>', '', 12, 1471920357, '0', 1, 0, 'admin', '广州 爱搜客');@@ww@@INSERT INTO wl_news (`id`, `catid`, `title`, `des`, `content`, `image`, `hits`, `uptime`, `position`, `status`, `listorder`, `username`, `keyword`) VALUES (18, 11, '广州爱搜客专注于高端网站建设，SEO优化', '广州爱搜客网络公司-国内顶尖的企业网络营销推广团队!专业提供百度SEM竞价、SEO外包、中高端网站建设、网站设计制作、网站优化等网络营销推广服务！广州爱搜客网络公司-国内顶尖的企业网络营销推广团队!专业提供百度SEM竞价、SEO外包、中高端网站建设、网站设计制作、网站优', '<p>\r\n	广州爱搜客网络公司-国内顶尖的企业网络营销推广团队!专业提供百度SEM竞价、SEO外包、中高端网站建设、网站设计制作、网站优化等网络营销推广服务！\r\n</p>\r\n<p>\r\n	广州爱搜客网络公司-国内顶尖的企业网络营销推广团队!专业提供百度SEM竞价、SEO外包、中高端网站建设、网站设计制作、网站优化等网络营销推广服务！\r\n</p>\r\n<p>\r\n	广州爱搜客网络公司-国内顶尖的企业网络营销推广团队!专业提供百度SEM竞价、SEO外包、中高端网站建设、网站设计制作、网站优化等网络营销推广服务！\r\n</p>\n', NULL, 1, 1471920357, '0', 1, 0, 'admin', NULL);@@ww@@INSERT INTO wl_news (`id`, `catid`, `title`, `des`, `content`, `image`, `hits`, `uptime`, `position`, `status`, `listorder`, `username`, `keyword`) VALUES (19, 11, '广州爱搜客专注于高端网站建设，SEO优化', '广州爱搜客网络公司-国内顶尖的企业网络营销推广团队!专业提供百度SEM竞价、SEO外包、中高端网站建设、网站设计制作、网站优化等网络营销推广服务！广州爱搜客网络公司-国内顶尖的企业网络营销推广团队!专业提供百度SEM竞价、SEO外包、中高端网站建设、网站设计制作、网站优', '<p>\r\n	广州爱搜客网络公司-国内顶尖的企业网络营销推广团队!专业提供百度SEM竞价、SEO外包、中高端网站建设、网站设计制作、网站优化等网络营销推广服务！\r\n</p>\r\n<p>\r\n	广州爱搜客网络公司-国内顶尖的企业网络营销推广团队!专业提供百度SEM竞价、SEO外包、中高端网站建设、网站设计制作、网站优化等网络营销推广服务！\r\n</p>\r\n<p>\r\n	广州爱搜客网络公司-国内顶尖的企业网络营销推广团队!专业提供百度SEM竞价、SEO外包、中高端网站建设、网站设计制作、网站优化等网络营销推广服务！\r\n</p>\n', NULL, 4, 1471920357, '0', 1, 0, 'admin', NULL);@@ww@@@@ww@@@@ww@@#@@ww@@# TABLE STRUCTURE FOR: wl_page@@ww@@#@@ww@@@@ww@@DROP TABLE IF EXISTS wl_page;@@ww@@@@ww@@CREATE TABLE `wl_page` (
  `id` int(10) unsigned NOT NULL AUTO_INCREMENT COMMENT 'ID',
  `catid` int(10) unsigned NOT NULL DEFAULT '0' COMMENT '栏目id',
  `title` varchar(100) NOT NULL DEFAULT '' COMMENT '标题',
  `content` text COMMENT '内容',
  `uptime` int(10) unsigned NOT NULL DEFAULT '0' COMMENT '发布时间',
  `keyword` varchar(100) DEFAULT NULL COMMENT '关键字',
  `hits` int(10) unsigned NOT NULL DEFAULT '0' COMMENT '点击次数',
  PRIMARY KEY (`id`),
  KEY `tid` (`catid`)
) ENGINE=MyISAM AUTO_INCREMENT=22 DEFAULT CHARSET=utf8 ROW_FORMAT=DYNAMIC COMMENT='新闻表';@@ww@@@@ww@@INSERT INTO wl_page (`id`, `catid`, `title`, `content`, `uptime`, `keyword`, `hits`) VALUES (1, 1, '关于我们', '', 1438934968, NULL, 0);@@ww@@INSERT INTO wl_page (`id`, `catid`, `title`, `content`, `uptime`, `keyword`, `hits`) VALUES (2, 2, '公司简介', '　广州爱搜客网络科技有限公司专注传统企业通过互联网实现赚钱，打造互联网营销，移动互联网营销急行先锋军，团队经验丰富，根据十多年的丰富经验创\r\n造六大理论体系，三大服务项目，解决企业进入互联网难，通过互联网盈利难，缺少团队等等一系列困境。爱搜客创始团队均在互联网摸爬滚打十多年，互联网，移动互联网，电商领域均有非常棒的经验和技术。\r\n<p>\r\n	　　公司秉承“诚信、专业、创新、合作”的企业精神，一直致力于发展长期稳定的客户关系，创造出了一站式外包等外包为合作的项目，更创造了“效果营销”，按照效果付费的模式，打破了只服务不管结果的传统服务模式，在更多领域与更多的合作伙伴实现长期共赢的合作模式。\r\n</p>\r\n<p>\r\n	　　<strong>爱搜客优势</strong> \r\n</p>\r\n<p>\r\n	　　1.<strong>经验</strong>超过10年的行业先进的网络营销运营经验为依托，帮您少走弯路，快速成功;\r\n</p>\r\n<p>\r\n	　　2.<strong>系统</strong>通过实践总结出最先进的垄断式全网营销理念和系统，提高企业全网营销投资回报300%;\r\n</p>\r\n<p>\r\n	　　3.<strong>团队</strong>专业的品牌策划团队、实战的网络运营团队、强大的技术开发团队，给您最靠谱的服务;\r\n</p>\r\n<p>\r\n	　　4.<strong>管理</strong>规范专业的项目管理平台，丰富实用的营销工具，用随手可得的数据证明效果\r\n</p>\r\n<p>\r\n	　　5.<strong>资源</strong>整合丰富的线上线下优势资源(包括权威媒体、行业平台、专题社区及线下圈子)，帮您更快的提高品牌全网曝光率;\r\n</p>\r\n<br />', 1438934985, '', 0);@@ww@@INSERT INTO wl_page (`id`, `catid`, `title`, `content`, `uptime`, `keyword`, `hits`) VALUES (3, 3, '发展历程', '发展历程发展历程发展历程发展历程发展历程发展历程发展历程发展历程发展历程发展历程发展历程发展历程发展历程发展历程发展历程发展历程发展历程发展历程发展历程发展历程发展历程发展历程', 1438934998, '', 0);@@ww@@INSERT INTO wl_page (`id`, `catid`, `title`, `content`, `uptime`, `keyword`, `hits`) VALUES (4, 4, '经营理念', '经营理念经营理念经营理念经营理念经营理念经营理念经营理念经营理念2212', 1438935007, '', 0);@@ww@@INSERT INTO wl_page (`id`, `catid`, `title`, `content`, `uptime`, `keyword`, `hits`) VALUES (6, 6, '联系我们', '', 1438935024, NULL, 0);@@ww@@INSERT INTO wl_page (`id`, `catid`, `title`, `content`, `uptime`, `keyword`, `hits`) VALUES (7, 7, '联系方式', '<p class=\"MsoNormal\">\r\n	<span style=\"font-family:微软雅黑;font-size:18pt;\"><span style=\"font-size:16px;\">广州爱搜客网络科技</span><span style=\"font-size:16px;\">有限公司</span></span> \r\n</p>\r\n<p class=\"MsoNormal\">\r\n	<span style=\"font-family:微软雅黑;font-size:10.5pt;\">公司地址：广州市白云区西槎路骏富国际C座C622室<span></span></span><span style=\"font-family:宋体;font-size:10.5pt;\"></span> \r\n</p>\r\n<span style=\"font-family:微软雅黑;font-size:10.5pt;\">公司电话：020-29801628</span><br />', 1438935039, '', 0);@@ww@@INSERT INTO wl_page (`id`, `catid`, `title`, `content`, `uptime`, `keyword`, `hits`) VALUES (8, 8, '技术团队', '技术团队技术团队技术团队技术团队技术团队技术团队技术团队技术团队技术团队技术团队技术团队技术团队技术团队技术团队技术团队技术团队技术团队技术团队技术团队技术团队技术团队', 1438935049, '', 0);@@ww@@INSERT INTO wl_page (`id`, `catid`, `title`, `content`, `uptime`, `keyword`, `hits`) VALUES (9, 9, '校园招聘', '校园招聘校园招聘校园招聘校园招聘校园招聘校园招聘校园招聘校园招聘校园招聘校园招聘校园招聘校园招聘校园招聘', 1438935061, '', 0);@@ww@@INSERT INTO wl_page (`id`, `catid`, `title`, `content`, `uptime`, `keyword`, `hits`) VALUES (16, 0, 'sdfsdfsdf', '', 1446639715, NULL, 0);@@ww@@INSERT INTO wl_page (`id`, `catid`, `title`, `content`, `uptime`, `keyword`, `hits`) VALUES (18, 52, '服务项目', NULL, 1471916490, NULL, 0);@@ww@@INSERT INTO wl_page (`id`, `catid`, `title`, `content`, `uptime`, `keyword`, `hits`) VALUES (19, 53, '网站推广', '<p>\r\n	　　信，互联网+的必然选择！\r\n</p>\r\n<p>\r\n	　　微会员--增强粉丝积极性和二次访问\r\n</p>\r\n<p>\r\n	　　轻扫二维码，会员成倍增长\r\n</p>\r\n<p>\r\n	　　方便携带，永久保存\r\n</p>\r\n<p>\r\n	　　提高粉丝活跃性\r\n</p>\r\n<p>\r\n	　　通过数据分析，内容精准推送，引导再次消费意\r\n</p>\r\n<p>\r\n	　　电子优惠券--拉动顾客消费\r\n</p>\r\n<p>\r\n	　　优惠券电子化，全过程可跟踪\r\n</p>\r\n<p>\r\n	　　方便营销效果统计，为营销需求做数据支持\r\n</p>\r\n<p>\r\n	　　微活动--引爆人气\r\n</p>\r\n<p>\r\n	　　大转盘、刮刮乐、砸金蛋等多种营销活动一键添加\r\n</p>\r\n<p>\r\n	　　通过活动分享，带动朋友圈，拉动粉丝增长，人气爆棚\r\n</p>\r\n<p>\r\n	　　通过互动与体验，为二次销售转化带来意想不到的效果\r\n</p>', 1471916511, '', 0);@@ww@@INSERT INTO wl_page (`id`, `catid`, `title`, `content`, `uptime`, `keyword`, `hits`) VALUES (20, 54, '微信开发', '<p>\r\n	　　微信，互联网+的必然选择！\r\n</p>\r\n<p>\r\n	　　微会员--增强粉丝积极性和二次访问\r\n</p>\r\n<p>\r\n	　　轻扫二维码，会员成倍增长\r\n</p>\r\n<p>\r\n	　　方便携带，永久保存\r\n</p>\r\n<p>\r\n	　　提高粉丝活跃性\r\n</p>\r\n<p>\r\n	　　通过数据分析，内容精准推送，引导再次消费意\r\n</p>\r\n<p>\r\n	　　电子优惠券--拉动顾客消费\r\n</p>\r\n<p>\r\n	　　优惠券电子化，全过程可跟踪\r\n</p>\r\n<p>\r\n	　　方便营销效果统计，为营销需求做数据支持\r\n</p>\r\n<p>\r\n	　　微活动--引爆人气\r\n</p>\r\n<p>\r\n	　　大转盘、刮刮乐、砸金蛋等多种营销活动一键添加\r\n</p>\r\n<p>\r\n	　　通过活动分享，带动朋友圈，拉动粉丝增长，人气爆棚\r\n</p>\r\n<p>\r\n	　　通过互动与体验，为二次销售转化带来意想不到的效果\r\n</p>', 1471916531, '', 0);@@ww@@INSERT INTO wl_page (`id`, `catid`, `title`, `content`, `uptime`, `keyword`, `hits`) VALUES (21, 55, '网站建设', '<p>\r\n	　　告别限制，拥抱免费\r\n</p>\r\n<p>\r\n	　　海量免费模板，从云邦开始\r\n</p>\r\n<p>\r\n	　　创意无限，免费选择\r\n</p>\r\n<p>\r\n	　　从此，告别模板收费时代\r\n</p>\r\n<p>\r\n	　　在云邦，海量模板，我们免费开放\r\n</p>\r\n<p>\r\n	　　云邦，您的互联专家\r\n</p>\r\n<p>\r\n	　　选择云邦，不仅仅得到一个免费的模板\r\n</p>\r\n<p>\r\n	　　更重要的是我们能“先建站，后付款”\r\n</p>\r\n<p>\r\n	　　在云邦\r\n</p>\r\n<p>\r\n	　　更好的体验移动互联网给我们带来的空前便捷\r\n</p>\r\n<p>\r\n	　　海量模板，随心选择\r\n</p>\r\n<p>\r\n	　　在这里，海量企业官网模版\r\n</p>\r\n<p>\r\n	　　国内顶级设计师倾力设计\r\n</p>\r\n<p>\r\n	　　打造官网精品\r\n</p>\r\n<p>\r\n	　　模版涵盖所有行业，数量持续增加\r\n</p>\r\n<p>\r\n	　　一键选择，轻松拥有\r\n</p>\r\n<p>\r\n	　　便捷建站，0首付\r\n</p>\r\n<p>\r\n	　　只需三步，即可完成建站\r\n</p>\r\n<p>\r\n	　　仅需一天，即可轻松拥有自己的企业网站\r\n</p>\r\n<p>\r\n	　　从此云邦相伴，一起感受互联网给我们带来的便捷\r\n</p>\r\n<p>\r\n	　　网站后台，完全智能\r\n</p>\r\n<p>\r\n	　　栏目添加没有限制\r\n</p>\r\n<p>\r\n	　　内容添加快捷方便\r\n</p>\r\n<p>\r\n	　　页面完全模板化\r\n</p>\r\n<p>\r\n	　　让您不再为调整而烦恼\r\n</p>\r\n<p>\r\n	　　风格多样，随心更换\r\n</p>\r\n<p>\r\n	　　您选择了云邦\r\n</p>\r\n<p>\r\n	　　从此就远离了一成不变的网站风格\r\n</p>\r\n<p>\r\n	　　随时随刻\r\n</p>\r\n<p>\r\n	　　华丽变身\r\n</p>', 1471916540, '', 0);@@ww@@@@ww@@@@ww@@#@@ww@@# TABLE STRUCTURE FOR: wl_position@@ww@@#@@ww@@@@ww@@DROP TABLE IF EXISTS wl_position;@@ww@@@@ww@@CREATE TABLE `wl_position` (
  `id` smallint(5) unsigned NOT NULL AUTO_INCREMENT,
  `modelid` smallint(6) DEFAULT NULL COMMENT '模块名',
  `name` char(50) NOT NULL DEFAULT '' COMMENT '推荐位名称',
  `listorder` smallint(5) unsigned NOT NULL DEFAULT '0',
  PRIMARY KEY (`id`)
) ENGINE=MyISAM AUTO_INCREMENT=7 DEFAULT CHARSET=utf8 ROW_FORMAT=DYNAMIC;@@ww@@@@ww@@#@@ww@@# TABLE STRUCTURE FOR: wl_poster@@ww@@#@@ww@@@@ww@@DROP TABLE IF EXISTS wl_poster;@@ww@@@@ww@@CREATE TABLE `wl_poster` (
  `id` int(10) unsigned NOT NULL AUTO_INCREMENT COMMENT '主键ID',
  `name` varchar(100) NOT NULL DEFAULT '' COMMENT '广告名称',
  `url` varchar(100) NOT NULL DEFAULT '' COMMENT '广告url',
  `image` varchar(100) DEFAULT NULL COMMENT '图片',
  `listorder` smallint(5) unsigned NOT NULL DEFAULT '0',
  `status` int(1) DEFAULT '0' COMMENT '0:不通过 1:通过',
  `uptime` int(10) unsigned NOT NULL DEFAULT '0' COMMENT '更新时间',
  `type` int(3) NOT NULL DEFAULT '0' COMMENT '分类id',
  `beizhu` varchar(255) DEFAULT NULL COMMENT '备注',
  PRIMARY KEY (`id`),
  KEY `name` (`name`)
) ENGINE=MyISAM AUTO_INCREMENT=35 DEFAULT CHARSET=utf8 ROW_FORMAT=DYNAMIC COMMENT='网站设置表';@@ww@@@@ww@@INSERT INTO wl_poster (`id`, `name`, `url`, `image`, `listorder`, `status`, `uptime`, `type`, `beizhu`) VALUES (25, 'banner1', '#', 'upload/poster/1.jpg', 0, 1, 1436108496, 18, '');@@ww@@INSERT INTO wl_poster (`id`, `name`, `url`, `image`, `listorder`, `status`, `uptime`, `type`, `beizhu`) VALUES (33, 'banner', '#', 'upload/poster/2.jpg', 0, 1, 1462959648, 18, '');@@ww@@INSERT INTO wl_poster (`id`, `name`, `url`, `image`, `listorder`, `status`, `uptime`, `type`, `beizhu`) VALUES (34, 'banner3', '#', 'upload/poster/3.jpg', 0, 1, 1471860618, 18, '');@@ww@@@@ww@@@@ww@@#@@ww@@# TABLE STRUCTURE FOR: wl_product@@ww@@#@@ww@@@@ww@@DROP TABLE IF EXISTS wl_product;@@ww@@@@ww@@CREATE TABLE `wl_product` (
  `id` int(10) unsigned NOT NULL AUTO_INCREMENT COMMENT 'ID',
  `catid` int(10) unsigned NOT NULL DEFAULT '0' COMMENT '栏目id',
  `bid` int(10) unsigned NOT NULL DEFAULT '0' COMMENT '品牌ID',
  `title` varchar(100) NOT NULL DEFAULT '' COMMENT '标题',
  `des` varchar(800) DEFAULT NULL COMMENT '摘要',
  `content` text NOT NULL COMMENT '内容',
  `image` varchar(100) DEFAULT NULL COMMENT '图片',
  `hits` int(10) unsigned NOT NULL DEFAULT '0' COMMENT '点击次数',
  `uptime` int(10) unsigned NOT NULL DEFAULT '0' COMMENT '发布时间',
  `status` tinyint(2) unsigned NOT NULL DEFAULT '0' COMMENT '状态',
  `listorder` smallint(5) unsigned NOT NULL DEFAULT '0',
  `username` char(50) NOT NULL DEFAULT '' COMMENT '发布人',
  `keyword` varchar(100) DEFAULT NULL COMMENT '关键字',
  `position` varchar(50) DEFAULT '0' COMMENT '推荐位',
  PRIMARY KEY (`id`),
  KEY `tid` (`catid`)
) ENGINE=MyISAM AUTO_INCREMENT=37 DEFAULT CHARSET=utf8;@@ww@@@@ww@@INSERT INTO wl_product (`id`, `catid`, `bid`, `title`, `des`, `content`, `image`, `hits`, `uptime`, `status`, `listorder`, `username`, `keyword`, `position`) VALUES (1, 15, 0, '爱搜客建站系统', '　　广州爱搜客网络公司-国内顶尖的企业网络营销推广团队!专业提供百度SEM竞价、SEO外包、中高端网站建设、网站设计制作、网站优化等网络营销推广服务！　　广州爱搜客网络公司-国内顶尖的企业网络营销推广团队!专业提供百度SEM竞价、SEO外包、中高端网站建设、网站设计制作', '<p>\n	　　广州爱搜客网络公司-国内顶尖的企业网络营销推广团队!专业提供百度SEM竞价、SEO外包、中高端网站建设、网站设计制作、网站优化等网络营销推广服务！\n</p>\n<p>\n	　　广州爱搜客网络公司-国内顶尖的企业网络营销推广团队!专业提供百度SEM竞价、SEO外包、中高端网站建设、网站设计制作、网站优化等网络营销推广服务！\n</p>\n<p>\n	　　广州爱搜客网络公司-国内顶尖的企业网络营销推广团队!专业提供百度SEM竞价、SEO外包、中高端网站建设、网站设计制作、网站优化等网络营销推广服务！\n</p>', 'upload/product/1.jpg', 0, 1471859980, 1, 0, 'admin', '', '0');@@ww@@INSERT INTO wl_product (`id`, `catid`, `bid`, `title`, `des`, `content`, `image`, `hits`, `uptime`, `status`, `listorder`, `username`, `keyword`, `position`) VALUES (2, 15, 0, '爱搜客全网营销', '　　广州爱搜客网络公司-国内顶尖的企业网络营销推广团队!专业提供百度SEM竞价、SEO外包、中高端网站建设、网站设计制作、网站优化等网络营销推广服务！　　广州爱搜客网络公司-国内顶尖的企业网络营销推广团队!专业提供百度SEM竞价、SEO外包、中高端网站建设、网站设计制作', '<p>\n	　　广州爱搜客网络公司-国内顶尖的企业网络营销推广团队!专业提供百度SEM竞价、SEO外包、中高端网站建设、网站设计制作、网站优化等网络营销推广服务！\n</p>\n<p>\n	　　广州爱搜客网络公司-国内顶尖的企业网络营销推广团队!专业提供百度SEM竞价、SEO外包、中高端网站建设、网站设计制作、网站优化等网络营销推广服务！\n</p>\n<p>\n	　　广州爱搜客网络公司-国内顶尖的企业网络营销推广团队!专业提供百度SEM竞价、SEO外包、中高端网站建设、网站设计制作、网站优化等网络营销推广服务！\n</p>', 'upload/product/2.jpg', 0, 1471860098, 1, 0, 'admin', '', '0');@@ww@@INSERT INTO wl_product (`id`, `catid`, `bid`, `title`, `des`, `content`, `image`, `hits`, `uptime`, `status`, `listorder`, `username`, `keyword`, `position`) VALUES (3, 15, 0, '爱搜客微信运营', '　　广州爱搜客网络公司-国内顶尖的企业网络营销推广团队!专业提供百度SEM竞价、SEO外包、中高端网站建设、网站设计制作、网站优化等网络营销推广服务！　　广州爱搜客网络公司-国内顶尖的企业网络营销推广团队!专业提供百度SEM竞价、SEO外包、中高端网站建设、网站设计制作', '<p>\n	　　广州爱搜客网络公司-国内顶尖的企业网络营销推广团队!专业提供百度SEM竞价、SEO外包、中高端网站建设、网站设计制作、网站优化等网络营销推广服务！\n</p>\n<p>\n	　　广州爱搜客网络公司-国内顶尖的企业网络营销推广团队!专业提供百度SEM竞价、SEO外包、中高端网站建设、网站设计制作、网站优化等网络营销推广服务！\n</p>\n<p>\n	　　广州爱搜客网络公司-国内顶尖的企业网络营销推广团队!专业提供百度SEM竞价、SEO外包、中高端网站建设、网站设计制作、网站优化等网络营销推广服务！\n</p>', 'upload/product/3.jpg', 0, 1471860117, 1, 0, 'admin', '', '0');@@ww@@INSERT INTO wl_product (`id`, `catid`, `bid`, `title`, `des`, `content`, `image`, `hits`, `uptime`, `status`, `listorder`, `username`, `keyword`, `position`) VALUES (4, 15, 0, '爱搜客SEO运营', '　　广州爱搜客网络公司-国内顶尖的企业网络营销推广团队!专业提供百度SEM竞价、SEO外包、中高端网站建设、网站设计制作、网站优化等网络营销推广服务！　　广州爱搜客网络公司-国内顶尖的企业网络营销推广团队!专业提供百度SEM竞价、SEO外包、中高端网站建设、网站设计制作', '<p>\n	　　广州爱搜客网络公司-国内顶尖的企业网络营销推广团队!专业提供百度SEM竞价、SEO外包、中高端网站建设、网站设计制作、网站优化等网络营销推广服务！\n</p>\n<p>\n	　　广州爱搜客网络公司-国内顶尖的企业网络营销推广团队!专业提供百度SEM竞价、SEO外包、中高端网站建设、网站设计制作、网站优化等网络营销推广服务！\n</p>\n<p>\n	　　广州爱搜客网络公司-国内顶尖的企业网络营销推广团队!专业提供百度SEM竞价、SEO外包、中高端网站建设、网站设计制作、网站优化等网络营销推广服务！\n</p>', 'upload/product/4.jpg', 0, 1471860130, 1, 0, 'admin', '', '0');@@ww@@INSERT INTO wl_product (`id`, `catid`, `bid`, `title`, `des`, `content`, `image`, `hits`, `uptime`, `status`, `listorder`, `username`, `keyword`, `position`) VALUES (5, 16, 0, '爱搜客竞价托管', '　　广州爱搜客网络公司-国内顶尖的企业网络营销推广团队!专业提供百度SEM竞价、SEO外包、中高端网站建设、网站设计制作、网站优化等网络营销推广服务！　　广州爱搜客网络公司-国内顶尖的企业网络营销推广团队!专业提供百度SEM竞价、SEO外包、中高端网站建设、网站设计制作', '<p>\n	　　广州爱搜客网络公司-国内顶尖的企业网络营销推广团队!专业提供百度SEM竞价、SEO外包、中高端网站建设、网站设计制作、网站优化等网络营销推广服务！\n</p>\n<p>\n	　　广州爱搜客网络公司-国内顶尖的企业网络营销推广团队!专业提供百度SEM竞价、SEO外包、中高端网站建设、网站设计制作、网站优化等网络营销推广服务！\n</p>\n<p>\n	　　广州爱搜客网络公司-国内顶尖的企业网络营销推广团队!专业提供百度SEM竞价、SEO外包、中高端网站建设、网站设计制作、网站优化等网络营销推广服务！\n</p>', 'upload/product/5.jpg', 0, 1471860141, 1, 0, 'admin', '', '0');@@ww@@INSERT INTO wl_product (`id`, `catid`, `bid`, `title`, `des`, `content`, `image`, `hits`, `uptime`, `status`, `listorder`, `username`, `keyword`, `position`) VALUES (6, 16, 0, '爱搜客新媒体', '　　广州爱搜客网络公司-国内顶尖的企业网络营销推广团队!专业提供百度SEM竞价、SEO外包、中高端网站建设、网站设计制作、网站优化等网络营销推广服务！　　广州爱搜客网络公司-国内顶尖的企业网络营销推广团队!专业提供百度SEM竞价、SEO外包、中高端网站建设、网站设计制作', '<p>\n	　　广州爱搜客网络公司-国内顶尖的企业网络营销推广团队!专业提供百度SEM竞价、SEO外包、中高端网站建设、网站设计制作、网站优化等网络营销推广服务！\n</p>\n<p>\n	　　广州爱搜客网络公司-国内顶尖的企业网络营销推广团队!专业提供百度SEM竞价、SEO外包、中高端网站建设、网站设计制作、网站优化等网络营销推广服务！\n</p>\n<p>\n	　　广州爱搜客网络公司-国内顶尖的企业网络营销推广团队!专业提供百度SEM竞价、SEO外包、中高端网站建设、网站设计制作、网站优化等网络营销推广服务！\n</p>', 'upload/product/6.jpg', 0, 1471860175, 1, 0, 'admin', '', '0');@@ww@@INSERT INTO wl_product (`id`, `catid`, `bid`, `title`, `des`, `content`, `image`, `hits`, `uptime`, `status`, `listorder`, `username`, `keyword`, `position`) VALUES (7, 16, 0, '爱搜客建站系统', '　　广州爱搜客网络公司-国内顶尖的企业网络营销推广团队!专业提供百度SEM竞价、SEO外包、中高端网站建设、网站设计制作、网站优化等网络营销推广服务！　　广州爱搜客网络公司-国内顶尖的企业网络营销推广团队!专业提供百度SEM竞价、SEO外包、中高端网站建设、网站设计制作', '<p>\n	　　广州爱搜客网络公司-国内顶尖的企业网络营销推广团队!专业提供百度SEM竞价、SEO外包、中高端网站建设、网站设计制作、网站优化等网络营销推广服务！\n</p>\n<p>\n	　　广州爱搜客网络公司-国内顶尖的企业网络营销推广团队!专业提供百度SEM竞价、SEO外包、中高端网站建设、网站设计制作、网站优化等网络营销推广服务！\n</p>\n<p>\n	　　广州爱搜客网络公司-国内顶尖的企业网络营销推广团队!专业提供百度SEM竞价、SEO外包、中高端网站建设、网站设计制作、网站优化等网络营销推广服务！\n</p>', 'upload/product/7.jpg', 0, 1471860864, 1, 0, 'admin', '', '0');@@ww@@INSERT INTO wl_product (`id`, `catid`, `bid`, `title`, `des`, `content`, `image`, `hits`, `uptime`, `status`, `listorder`, `username`, `keyword`, `position`) VALUES (8, 16, 0, '爱搜客全网营销', '　　广州爱搜客网络公司-国内顶尖的企业网络营销推广团队!专业提供百度SEM竞价、SEO外包、中高端网站建设、网站设计制作、网站优化等网络营销推广服务！　　广州爱搜客网络公司-国内顶尖的企业网络营销推广团队!专业提供百度SEM竞价、SEO外包、中高端网站建设、网站设计制作', '<p>\n	　　广州爱搜客网络公司-国内顶尖的企业网络营销推广团队!专业提供百度SEM竞价、SEO外包、中高端网站建设、网站设计制作、网站优化等网络营销推广服务！\n</p>\n<p>\n	　　广州爱搜客网络公司-国内顶尖的企业网络营销推广团队!专业提供百度SEM竞价、SEO外包、中高端网站建设、网站设计制作、网站优化等网络营销推广服务！\n</p>\n<p>\n	　　广州爱搜客网络公司-国内顶尖的企业网络营销推广团队!专业提供百度SEM竞价、SEO外包、中高端网站建设、网站设计制作、网站优化等网络营销推广服务！\n</p>', 'upload/product/8.jpg', 0, 1471860877, 1, 0, 'admin', '', '0');@@ww@@INSERT INTO wl_product (`id`, `catid`, `bid`, `title`, `des`, `content`, `image`, `hits`, `uptime`, `status`, `listorder`, `username`, `keyword`, `position`) VALUES (9, 16, 0, '爱搜客微信运营', '　　广州爱搜客网络公司-国内顶尖的企业网络营销推广团队!专业提供百度SEM竞价、SEO外包、中高端网站建设、网站设计制作、网站优化等网络营销推广服务！　　广州爱搜客网络公司-国内顶尖的企业网络营销推广团队!专业提供百度SEM竞价、SEO外包、中高端网站建设、网站设计制作', '<p>\n	　　广州爱搜客网络公司-国内顶尖的企业网络营销推广团队!专业提供百度SEM竞价、SEO外包、中高端网站建设、网站设计制作、网站优化等网络营销推广服务！\n</p>\n<p>\n	　　广州爱搜客网络公司-国内顶尖的企业网络营销推广团队!专业提供百度SEM竞价、SEO外包、中高端网站建设、网站设计制作、网站优化等网络营销推广服务！\n</p>\n<p>\n	　　广州爱搜客网络公司-国内顶尖的企业网络营销推广团队!专业提供百度SEM竞价、SEO外包、中高端网站建设、网站设计制作、网站优化等网络营销推广服务！\n</p>', 'upload/product/9.jpg', 0, 1471860886, 1, 0, 'admin', '', '0');@@ww@@INSERT INTO wl_product (`id`, `catid`, `bid`, `title`, `des`, `content`, `image`, `hits`, `uptime`, `status`, `listorder`, `username`, `keyword`, `position`) VALUES (10, 60, 0, '爱搜客SEO运营', '　　广州爱搜客网络公司-国内顶尖的企业网络营销推广团队!专业提供百度SEM竞价、SEO外包、中高端网站建设、网站设计制作、网站优化等网络营销推广服务！　　广州爱搜客网络公司-国内顶尖的企业网络营销推广团队!专业提供百度SEM竞价、SEO外包、中高端网站建设、网站设计制作', '<p>\n	　　广州爱搜客网络公司-国内顶尖的企业网络营销推广团队!专业提供百度SEM竞价、SEO外包、中高端网站建设、网站设计制作、网站优化等网络营销推广服务！\n</p>\n<p>\n	　　广州爱搜客网络公司-国内顶尖的企业网络营销推广团队!专业提供百度SEM竞价、SEO外包、中高端网站建设、网站设计制作、网站优化等网络营销推广服务！\n</p>\n<p>\n	　　广州爱搜客网络公司-国内顶尖的企业网络营销推广团队!专业提供百度SEM竞价、SEO外包、中高端网站建设、网站设计制作、网站优化等网络营销推广服务！\n</p>', 'upload/product/10.jpg', 0, 1471860895, 1, 0, 'admin', '', '0');@@ww@@INSERT INTO wl_product (`id`, `catid`, `bid`, `title`, `des`, `content`, `image`, `hits`, `uptime`, `status`, `listorder`, `username`, `keyword`, `position`) VALUES (11, 60, 0, '爱搜客竞价托管', '　　广州爱搜客网络公司-国内顶尖的企业网络营销推广团队!专业提供百度SEM竞价、SEO外包、中高端网站建设、网站设计制作、网站优化等网络营销推广服务！　　广州爱搜客网络公司-国内顶尖的企业网络营销推广团队!专业提供百度SEM竞价、SEO外包、中高端网站建设、网站设计制作', '<p>\n	　　广州爱搜客网络公司-国内顶尖的企业网络营销推广团队!专业提供百度SEM竞价、SEO外包、中高端网站建设、网站设计制作、网站优化等网络营销推广服务！\n</p>\n<p>\n	　　广州爱搜客网络公司-国内顶尖的企业网络营销推广团队!专业提供百度SEM竞价、SEO外包、中高端网站建设、网站设计制作、网站优化等网络营销推广服务！\n</p>\n<p>\n	　　广州爱搜客网络公司-国内顶尖的企业网络营销推广团队!专业提供百度SEM竞价、SEO外包、中高端网站建设、网站设计制作、网站优化等网络营销推广服务！\n</p>', 'upload/product/11.jpg', 2, 1471860904, 1, 0, 'admin', '', '0');@@ww@@INSERT INTO wl_product (`id`, `catid`, `bid`, `title`, `des`, `content`, `image`, `hits`, `uptime`, `status`, `listorder`, `username`, `keyword`, `position`) VALUES (12, 60, 0, '爱搜客新媒体', '　　广州爱搜客网络公司-国内顶尖的企业网络营销推广团队!专业提供百度SEM竞价、SEO外包、中高端网站建设、网站设计制作、网站优化等网络营销推广服务！　　广州爱搜客网络公司-国内顶尖的企业网络营销推广团队!专业提供百度SEM竞价、SEO外包、中高端网站建设、网站设计制作', '<p>\r\n	　　广州爱搜客网络公司-国内顶尖的企业网络营销推广团队!专业提供百度SEM竞价、SEO外包、中高端网站建设、网站设计制作、网站优化等网络营销推广服务！\r\n</p>\r\n<p>\r\n	　　广州爱搜客网络公司-国内顶尖的企业网络营销推广团队!专业提供百度SEM竞价、SEO外包、中高端网站建设、网站设计制作、网站优化等网络营销推广服务！\r\n</p>\r\n<p>\r\n	　　广州爱搜客网络公司-国内顶尖的企业网络营销推广团队!专业提供百度SEM竞价、SEO外包、中高端网站建设、网站设计制作、网站优化等网络营销推广服务！\r\n</p>', 'upload/product/12.jpg', 13, 1471860914, 1, 0, 'admin', '', '0');@@ww@@@@ww@@@@ww@@#@@ww@@# TABLE STRUCTURE FOR: wl_scase@@ww@@#@@ww@@@@ww@@DROP TABLE IF EXISTS wl_scase;@@ww@@@@ww@@CREATE TABLE `wl_scase` (
  `id` int(10) unsigned NOT NULL AUTO_INCREMENT COMMENT 'ID',
  `catid` int(10) unsigned NOT NULL DEFAULT '0' COMMENT '栏目id',
  `title` varchar(100) NOT NULL DEFAULT '' COMMENT '标题',
  `des` varchar(800) DEFAULT NULL COMMENT '摘要',
  `content` text NOT NULL COMMENT '内容',
  `image` varchar(100) DEFAULT NULL COMMENT '图片',
  `hits` int(10) unsigned NOT NULL DEFAULT '0' COMMENT '点击次数',
  `uptime` int(10) unsigned NOT NULL DEFAULT '0' COMMENT '发布时间',
  `position` varchar(50) DEFAULT '0' COMMENT '推荐位',
  `status` tinyint(2) unsigned NOT NULL DEFAULT '0' COMMENT '状态',
  `listorder` smallint(5) unsigned NOT NULL DEFAULT '0',
  `username` char(50) NOT NULL DEFAULT '' COMMENT '发布人',
  `keyword` varchar(100) DEFAULT NULL COMMENT '关键字',
  PRIMARY KEY (`id`),
  KEY `tid` (`catid`)
) ENGINE=MyISAM AUTO_INCREMENT=20 DEFAULT CHARSET=utf8;@@ww@@@@ww@@INSERT INTO wl_scase (`id`, `catid`, `title`, `des`, `content`, `image`, `hits`, `uptime`, `position`, `status`, `listorder`, `username`, `keyword`) VALUES (1, 57, '爱搜客高端建站系统专利CICMS', '爱搜客高端建站系统专利CICMS爱搜客高端建站系统专利CICMS爱搜客高端建站系统专利CICMS爱搜客高端建站系统专利CICMS爱搜客高端建站系统专利CICMS爱搜客高端建站系统专利CICMS爱搜客高端建站系统专利CICMS爱搜', '<p>\r\n	　　爱搜客高端建站系统专利CICMS爱搜客高端建站系统专利CICMS爱搜客高端建站系统专利CICMS爱搜客高端建站系统专利CICMS爱搜客高端建站系统专利CICMS爱搜客高端建站系统专利CICMS爱搜客高端建站系统专利CICMS爱搜客高端建站系统专利CICMS爱搜客高端建站系统专利CICMS爱搜客高端建站系统专利CICMS爱搜客高端建站系统专利CICMS爱搜客高端建站系统专利CICMS爱搜客高端建站系统专利CICMS爱搜客高端建站系统专利CICMS爱搜客高端建站系统专利CICMS爱搜客高端建站</p>\n', 'upload/scase/1.jpg', 0, 1471921100, '0', 1, 0, 'admin', NULL);@@ww@@INSERT INTO wl_scase (`id`, `catid`, `title`, `des`, `content`, `image`, `hits`, `uptime`, `position`, `status`, `listorder`, `username`, `keyword`) VALUES (2, 57, '爱搜客高端建站系统专利CICMS', '爱搜客高端建站系统专利CICMS爱搜客高端建站系统专利CICMS爱搜客高端建站系统专利CICMS爱搜客高端建站系统专利CICMS爱搜客高端建站系统专利CICMS爱搜客高端建站系统专利CICMS爱搜客高端建站系统专利CICMS爱搜', '<p>\r\n	　　爱搜客高端建站系统专利CICMS爱搜客高端建站系统专利CICMS爱搜客高端建站系统专利CICMS爱搜客高端建站系统专利CICMS爱搜客高端建站系统专利CICMS爱搜客高端建站系统专利CICMS爱搜客高端建站系统专利CICMS爱搜客高端建站系统专利CICMS爱搜客高端建站系统专利CICMS爱搜客高端建站系统专利CICMS爱搜客高端建站系统专利CICMS爱搜客高端建站系统专利CICMS爱搜客高端建站系统专利CICMS爱搜客高端建站系统专利CICMS爱搜客高端建站系统专利CICMS爱搜客高端建站</p>\n', 'upload/scase/1.jpg', 0, 1471921100, '0', 1, 0, 'admin', NULL);@@ww@@INSERT INTO wl_scase (`id`, `catid`, `title`, `des`, `content`, `image`, `hits`, `uptime`, `position`, `status`, `listorder`, `username`, `keyword`) VALUES (3, 57, '爱搜客高端建站系统专利CICMS', '爱搜客高端建站系统专利CICMS爱搜客高端建站系统专利CICMS爱搜客高端建站系统专利CICMS爱搜客高端建站系统专利CICMS爱搜客高端建站系统专利CICMS爱搜客高端建站系统专利CICMS爱搜客高端建站系统专利CICMS爱搜', '<p>\r\n	　　爱搜客高端建站系统专利CICMS爱搜客高端建站系统专利CICMS爱搜客高端建站系统专利CICMS爱搜客高端建站系统专利CICMS爱搜客高端建站系统专利CICMS爱搜客高端建站系统专利CICMS爱搜客高端建站系统专利CICMS爱搜客高端建站系统专利CICMS爱搜客高端建站系统专利CICMS爱搜客高端建站系统专利CICMS爱搜客高端建站系统专利CICMS爱搜客高端建站系统专利CICMS爱搜客高端建站系统专利CICMS爱搜客高端建站系统专利CICMS爱搜客高端建站系统专利CICMS爱搜客高端建站</p>\n', 'upload/scase/1.jpg', 0, 1471921100, '0', 1, 0, 'admin', NULL);@@ww@@INSERT INTO wl_scase (`id`, `catid`, `title`, `des`, `content`, `image`, `hits`, `uptime`, `position`, `status`, `listorder`, `username`, `keyword`) VALUES (4, 57, '爱搜客高端建站系统专利CICMS', '爱搜客高端建站系统专利CICMS爱搜客高端建站系统专利CICMS爱搜客高端建站系统专利CICMS爱搜客高端建站系统专利CICMS爱搜客高端建站系统专利CICMS爱搜客高端建站系统专利CICMS爱搜客高端建站系统专利CICMS爱搜', '<p>\r\n	　　爱搜客高端建站系统专利CICMS爱搜客高端建站系统专利CICMS爱搜客高端建站系统专利CICMS爱搜客高端建站系统专利CICMS爱搜客高端建站系统专利CICMS爱搜客高端建站系统专利CICMS爱搜客高端建站系统专利CICMS爱搜客高端建站系统专利CICMS爱搜客高端建站系统专利CICMS爱搜客高端建站系统专利CICMS爱搜客高端建站系统专利CICMS爱搜客高端建站系统专利CICMS爱搜客高端建站系统专利CICMS爱搜客高端建站系统专利CICMS爱搜客高端建站系统专利CICMS爱搜客高端建站</p>\n', 'upload/scase/1.jpg', 0, 1471921100, '0', 1, 0, 'admin', NULL);@@ww@@INSERT INTO wl_scase (`id`, `catid`, `title`, `des`, `content`, `image`, `hits`, `uptime`, `position`, `status`, `listorder`, `username`, `keyword`) VALUES (5, 58, '爱搜客高端建站系统专利CICMS', '爱搜客高端建站系统专利CICMS爱搜客高端建站系统专利CICMS爱搜客高端建站系统专利CICMS爱搜客高端建站系统专利CICMS爱搜客高端建站系统专利CICMS爱搜客高端建站系统专利CICMS爱搜客高端建站系统专利CICMS爱搜', '<p>\r\n	　　爱搜客高端建站系统专利CICMS爱搜客高端建站系统专利CICMS爱搜客高端建站系统专利CICMS爱搜客高端建站系统专利CICMS爱搜客高端建站系统专利CICMS爱搜客高端建站系统专利CICMS爱搜客高端建站系统专利CICMS爱搜客高端建站系统专利CICMS爱搜客高端建站系统专利CICMS爱搜客高端建站系统专利CICMS爱搜客高端建站系统专利CICMS爱搜客高端建站系统专利CICMS爱搜客高端建站系统专利CICMS爱搜客高端建站系统专利CICMS爱搜客高端建站系统专利CICMS爱搜客高端建站</p>\n', 'upload/scase/1.jpg', 0, 1471921100, '0', 1, 0, 'admin', NULL);@@ww@@INSERT INTO wl_scase (`id`, `catid`, `title`, `des`, `content`, `image`, `hits`, `uptime`, `position`, `status`, `listorder`, `username`, `keyword`) VALUES (6, 58, '爱搜客高端建站系统专利CICMS', '爱搜客高端建站系统专利CICMS爱搜客高端建站系统专利CICMS爱搜客高端建站系统专利CICMS爱搜客高端建站系统专利CICMS爱搜客高端建站系统专利CICMS爱搜客高端建站系统专利CICMS爱搜客高端建站系统专利CICMS爱搜', '<p>\r\n	　　爱搜客高端建站系统专利CICMS爱搜客高端建站系统专利CICMS爱搜客高端建站系统专利CICMS爱搜客高端建站系统专利CICMS爱搜客高端建站系统专利CICMS爱搜客高端建站系统专利CICMS爱搜客高端建站系统专利CICMS爱搜客高端建站系统专利CICMS爱搜客高端建站系统专利CICMS爱搜客高端建站系统专利CICMS爱搜客高端建站系统专利CICMS爱搜客高端建站系统专利CICMS爱搜客高端建站系统专利CICMS爱搜客高端建站系统专利CICMS爱搜客高端建站系统专利CICMS爱搜客高端建站</p>\n', 'upload/scase/1.jpg', 0, 1471921100, '0', 1, 0, 'admin', NULL);@@ww@@INSERT INTO wl_scase (`id`, `catid`, `title`, `des`, `content`, `image`, `hits`, `uptime`, `position`, `status`, `listorder`, `username`, `keyword`) VALUES (7, 58, '爱搜客高端建站系统专利CICMS', '爱搜客高端建站系统专利CICMS爱搜客高端建站系统专利CICMS爱搜客高端建站系统专利CICMS爱搜客高端建站系统专利CICMS爱搜客高端建站系统专利CICMS爱搜客高端建站系统专利CICMS爱搜客高端建站系统专利CICMS爱搜', '<p>\r\n	　　爱搜客高端建站系统专利CICMS爱搜客高端建站系统专利CICMS爱搜客高端建站系统专利CICMS爱搜客高端建站系统专利CICMS爱搜客高端建站系统专利CICMS爱搜客高端建站系统专利CICMS爱搜客高端建站系统专利CICMS爱搜客高端建站系统专利CICMS爱搜客高端建站系统专利CICMS爱搜客高端建站系统专利CICMS爱搜客高端建站系统专利CICMS爱搜客高端建站系统专利CICMS爱搜客高端建站系统专利CICMS爱搜客高端建站系统专利CICMS爱搜客高端建站系统专利CICMS爱搜客高端建站</p>\n', 'upload/scase/1.jpg', 0, 1471921100, '0', 1, 0, 'admin', NULL);@@ww@@INSERT INTO wl_scase (`id`, `catid`, `title`, `des`, `content`, `image`, `hits`, `uptime`, `position`, `status`, `listorder`, `username`, `keyword`) VALUES (8, 58, '爱搜客高端建站系统专利CICMS', '爱搜客高端建站系统专利CICMS爱搜客高端建站系统专利CICMS爱搜客高端建站系统专利CICMS爱搜客高端建站系统专利CICMS爱搜客高端建站系统专利CICMS爱搜客高端建站系统专利CICMS爱搜客高端建站系统专利CICMS爱搜', '<p>\r\n	　　爱搜客高端建站系统专利CICMS爱搜客高端建站系统专利CICMS爱搜客高端建站系统专利CICMS爱搜客高端建站系统专利CICMS爱搜客高端建站系统专利CICMS爱搜客高端建站系统专利CICMS爱搜客高端建站系统专利CICMS爱搜客高端建站系统专利CICMS爱搜客高端建站系统专利CICMS爱搜客高端建站系统专利CICMS爱搜客高端建站系统专利CICMS爱搜客高端建站系统专利CICMS爱搜客高端建站系统专利CICMS爱搜客高端建站系统专利CICMS爱搜客高端建站系统专利CICMS爱搜客高端建站</p>\n', 'upload/scase/1.jpg', 0, 1471921100, '0', 1, 0, 'admin', NULL);@@ww@@INSERT INTO wl_scase (`id`, `catid`, `title`, `des`, `content`, `image`, `hits`, `uptime`, `position`, `status`, `listorder`, `username`, `keyword`) VALUES (9, 58, '爱搜客高端建站系统专利CICMS', '爱搜客高端建站系统专利CICMS爱搜客高端建站系统专利CICMS爱搜客高端建站系统专利CICMS爱搜客高端建站系统专利CICMS爱搜客高端建站系统专利CICMS爱搜客高端建站系统专利CICMS爱搜客高端建站系统专利CICMS爱搜', '<p>\r\n	　　爱搜客高端建站系统专利CICMS爱搜客高端建站系统专利CICMS爱搜客高端建站系统专利CICMS爱搜客高端建站系统专利CICMS爱搜客高端建站系统专利CICMS爱搜客高端建站系统专利CICMS爱搜客高端建站系统专利CICMS爱搜客高端建站系统专利CICMS爱搜客高端建站系统专利CICMS爱搜客高端建站系统专利CICMS爱搜客高端建站系统专利CICMS爱搜客高端建站系统专利CICMS爱搜客高端建站系统专利CICMS爱搜客高端建站系统专利CICMS爱搜客高端建站系统专利CICMS爱搜客高端建站</p>\n', 'upload/scase/1.jpg', 0, 1471921100, '0', 1, 0, 'admin', NULL);@@ww@@INSERT INTO wl_scase (`id`, `catid`, `title`, `des`, `content`, `image`, `hits`, `uptime`, `position`, `status`, `listorder`, `username`, `keyword`) VALUES (10, 59, '爱搜客高端建站系统专利CICMS', '爱搜客高端建站系统专利CICMS爱搜客高端建站系统专利CICMS爱搜客高端建站系统专利CICMS爱搜客高端建站系统专利CICMS爱搜客高端建站系统专利CICMS爱搜客高端建站系统专利CICMS爱搜客高端建站系统专利CICMS爱搜', '<p>\r\n	　　爱搜客高端建站系统专利CICMS爱搜客高端建站系统专利CICMS爱搜客高端建站系统专利CICMS爱搜客高端建站系统专利CICMS爱搜客高端建站系统专利CICMS爱搜客高端建站系统专利CICMS爱搜客高端建站系统专利CICMS爱搜客高端建站系统专利CICMS爱搜客高端建站系统专利CICMS爱搜客高端建站系统专利CICMS爱搜客高端建站系统专利CICMS爱搜客高端建站系统专利CICMS爱搜客高端建站系统专利CICMS爱搜客高端建站系统专利CICMS爱搜客高端建站系统专利CICMS爱搜客高端建站</p>\n', 'upload/scase/1.jpg', 0, 1471921100, '0', 1, 0, 'admin', NULL);@@ww@@INSERT INTO wl_scase (`id`, `catid`, `title`, `des`, `content`, `image`, `hits`, `uptime`, `position`, `status`, `listorder`, `username`, `keyword`) VALUES (11, 59, '爱搜客高端建站系统专利CICMS', '爱搜客高端建站系统专利CICMS爱搜客高端建站系统专利CICMS爱搜客高端建站系统专利CICMS爱搜客高端建站系统专利CICMS爱搜客高端建站系统专利CICMS爱搜客高端建站系统专利CICMS爱搜客高端建站系统专利CICMS爱搜', '<p>\r\n	　　爱搜客高端建站系统专利CICMS爱搜客高端建站系统专利CICMS爱搜客高端建站系统专利CICMS爱搜客高端建站系统专利CICMS爱搜客高端建站系统专利CICMS爱搜客高端建站系统专利CICMS爱搜客高端建站系统专利CICMS爱搜客高端建站系统专利CICMS爱搜客高端建站系统专利CICMS爱搜客高端建站系统专利CICMS爱搜客高端建站系统专利CICMS爱搜客高端建站系统专利CICMS爱搜客高端建站系统专利CICMS爱搜客高端建站系统专利CICMS爱搜客高端建站系统专利CICMS爱搜客高端建站</p>\n', 'upload/scase/1.jpg', 0, 1471921100, '0', 1, 0, 'admin', NULL);@@ww@@INSERT INTO wl_scase (`id`, `catid`, `title`, `des`, `content`, `image`, `hits`, `uptime`, `position`, `status`, `listorder`, `username`, `keyword`) VALUES (12, 59, '爱搜客高端建站系统专利CICMS', '爱搜客高端建站系统专利CICMS爱搜客高端建站系统专利CICMS爱搜客高端建站系统专利CICMS爱搜客高端建站系统专利CICMS爱搜客高端建站系统专利CICMS爱搜客高端建站系统专利CICMS爱搜客高端建站系统专利CICMS爱搜', '<p>\r\n	　　爱搜客高端建站系统专利CICMS爱搜客高端建站系统专利CICMS爱搜客高端建站系统专利CICMS爱搜客高端建站系统专利CICMS爱搜客高端建站系统专利CICMS爱搜客高端建站系统专利CICMS爱搜客高端建站系统专利CICMS爱搜客高端建站系统专利CICMS爱搜客高端建站系统专利CICMS爱搜客高端建站系统专利CICMS爱搜客高端建站系统专利CICMS爱搜客高端建站系统专利CICMS爱搜客高端建站系统专利CICMS爱搜客高端建站系统专利CICMS爱搜客高端建站系统专利CICMS爱搜客高端建站</p>\n', 'upload/scase/1.jpg', 0, 1471921100, '0', 1, 0, 'admin', NULL);@@ww@@INSERT INTO wl_scase (`id`, `catid`, `title`, `des`, `content`, `image`, `hits`, `uptime`, `position`, `status`, `listorder`, `username`, `keyword`) VALUES (13, 59, '爱搜客高端建站系统专利CICMS', '爱搜客高端建站系统专利CICMS爱搜客高端建站系统专利CICMS爱搜客高端建站系统专利CICMS爱搜客高端建站系统专利CICMS爱搜客高端建站系统专利CICMS爱搜客高端建站系统专利CICMS爱搜客高端建站系统专利CICMS爱搜', '<p>\r\n	　　爱搜客高端建站系统专利CICMS爱搜客高端建站系统专利CICMS爱搜客高端建站系统专利CICMS爱搜客高端建站系统专利CICMS爱搜客高端建站系统专利CICMS爱搜客高端建站系统专利CICMS爱搜客高端建站系统专利CICMS爱搜客高端建站系统专利CICMS爱搜客高端建站系统专利CICMS爱搜客高端建站系统专利CICMS爱搜客高端建站系统专利CICMS爱搜客高端建站系统专利CICMS爱搜客高端建站系统专利CICMS爱搜客高端建站系统专利CICMS爱搜客高端建站系统专利CICMS爱搜客高端建站</p>\n', 'upload/scase/1.jpg', 0, 1471921100, '0', 1, 0, 'admin', NULL);@@ww@@INSERT INTO wl_scase (`id`, `catid`, `title`, `des`, `content`, `image`, `hits`, `uptime`, `position`, `status`, `listorder`, `username`, `keyword`) VALUES (14, 59, '爱搜客高端建站系统专利CICMS', '爱搜客高端建站系统专利CICMS爱搜客高端建站系统专利CICMS爱搜客高端建站系统专利CICMS爱搜客高端建站系统专利CICMS爱搜客高端建站系统专利CICMS爱搜客高端建站系统专利CICMS爱搜客高端建站系统专利CICMS爱搜', '<p>\r\n	　　爱搜客高端建站系统专利CICMS爱搜客高端建站系统专利CICMS爱搜客高端建站系统专利CICMS爱搜客高端建站系统专利CICMS爱搜客高端建站系统专利CICMS爱搜客高端建站系统专利CICMS爱搜客高端建站系统专利CICMS爱搜客高端建站系统专利CICMS爱搜客高端建站系统专利CICMS爱搜客高端建站系统专利CICMS爱搜客高端建站系统专利CICMS爱搜客高端建站系统专利CICMS爱搜客高端建站系统专利CICMS爱搜客高端建站系统专利CICMS爱搜客高端建站系统专利CICMS爱搜客高端建站</p>\n', 'upload/scase/1.jpg', 0, 1471921100, '0', 1, 0, 'admin', NULL);@@ww@@INSERT INTO wl_scase (`id`, `catid`, `title`, `des`, `content`, `image`, `hits`, `uptime`, `position`, `status`, `listorder`, `username`, `keyword`) VALUES (15, 58, '爱搜客高端建站系统专利CICMS', '爱搜客高端建站系统专利CICMS爱搜客高端建站系统专利CICMS爱搜客高端建站系统专利CICMS爱搜客高端建站系统专利CICMS爱搜客高端建站系统专利CICMS爱搜客高端建站系统专利CICMS爱搜客高端建站系统专利CICMS爱搜', '<p>\r\n	　　爱搜客高端建站系统专利CICMS爱搜客高端建站系统专利CICMS爱搜客高端建站系统专利CICMS爱搜客高端建站系统专利CICMS爱搜客高端建站系统专利CICMS爱搜客高端建站系统专利CICMS爱搜客高端建站系统专利CICMS爱搜客高端建站系统专利CICMS爱搜客高端建站系统专利CICMS爱搜客高端建站系统专利CICMS爱搜客高端建站系统专利CICMS爱搜客高端建站系统专利CICMS爱搜客高端建站系统专利CICMS爱搜客高端建站系统专利CICMS爱搜客高端建站系统专利CICMS爱搜客高端建站</p>\n', 'upload/scase/1.jpg', 0, 1471921100, '0', 1, 0, 'admin', NULL);@@ww@@INSERT INTO wl_scase (`id`, `catid`, `title`, `des`, `content`, `image`, `hits`, `uptime`, `position`, `status`, `listorder`, `username`, `keyword`) VALUES (16, 58, '爱搜客高端建站系统专利CICMS', '爱搜客高端建站系统专利CICMS爱搜客高端建站系统专利CICMS爱搜客高端建站系统专利CICMS爱搜客高端建站系统专利CICMS爱搜客高端建站系统专利CICMS爱搜客高端建站系统专利CICMS爱搜客高端建站系统专利CICMS爱搜', '<p>\r\n	　　爱搜客高端建站系统专利CICMS爱搜客高端建站系统专利CICMS爱搜客高端建站系统专利CICMS爱搜客高端建站系统专利CICMS爱搜客高端建站系统专利CICMS爱搜客高端建站系统专利CICMS爱搜客高端建站系统专利CICMS爱搜客高端建站系统专利CICMS爱搜客高端建站系统专利CICMS爱搜客高端建站系统专利CICMS爱搜客高端建站系统专利CICMS爱搜客高端建站系统专利CICMS爱搜客高端建站系统专利CICMS爱搜客高端建站系统专利CICMS爱搜客高端建站系统专利CICMS爱搜客高端建站</p>\n', 'upload/scase/1.jpg', 0, 1471921100, '0', 1, 0, 'admin', NULL);@@ww@@INSERT INTO wl_scase (`id`, `catid`, `title`, `des`, `content`, `image`, `hits`, `uptime`, `position`, `status`, `listorder`, `username`, `keyword`) VALUES (17, 58, '爱搜客高端建站系统专利CICMS', '爱搜客高端建站系统专利CICMS爱搜客高端建站系统专利CICMS爱搜客高端建站系统专利CICMS爱搜客高端建站系统专利CICMS爱搜客高端建站系统专利CICMS爱搜客高端建站系统专利CICMS爱搜客高端建站系统专利CICMS爱搜', '<p>\r\n	　　爱搜客高端建站系统专利CICMS爱搜客高端建站系统专利CICMS爱搜客高端建站系统专利CICMS爱搜客高端建站系统专利CICMS爱搜客高端建站系统专利CICMS爱搜客高端建站系统专利CICMS爱搜客高端建站系统专利CICMS爱搜客高端建站系统专利CICMS爱搜客高端建站系统专利CICMS爱搜客高端建站系统专利CICMS爱搜客高端建站系统专利CICMS爱搜客高端建站系统专利CICMS爱搜客高端建站系统专利CICMS爱搜客高端建站系统专利CICMS爱搜客高端建站系统专利CICMS爱搜客高端建站</p>\n', 'upload/scase/1.jpg', 1, 1471921100, '0', 1, 0, 'admin', NULL);@@ww@@INSERT INTO wl_scase (`id`, `catid`, `title`, `des`, `content`, `image`, `hits`, `uptime`, `position`, `status`, `listorder`, `username`, `keyword`) VALUES (18, 57, '爱搜客高端建站系统专利CICMS', '爱搜客高端建站系统专利CICMS爱搜客高端建站系统专利CICMS爱搜客高端建站系统专利CICMS爱搜客高端建站系统专利CICMS爱搜客高端建站系统专利CICMS爱搜客高端建站系统专利CICMS爱搜客高端建站系统专利CICMS爱搜', '<p>\r\n	　　爱搜客高端建站系统专利CICMS爱搜客高端建站系统专利CICMS爱搜客高端建站系统专利CICMS爱搜客高端建站系统专利CICMS爱搜客高端建站系统专利CICMS爱搜客高端建站系统专利CICMS爱搜客高端建站系统专利CICMS爱搜客高端建站系统专利CICMS爱搜客高端建站系统专利CICMS爱搜客高端建站系统专利CICMS爱搜客高端建站系统专利CICMS爱搜客高端建站系统专利CICMS爱搜客高端建站系统专利CICMS爱搜客高端建站系统专利CICMS爱搜客高端建站系统专利CICMS爱搜客高端建站</p>\n', 'upload/scase/1.jpg', 1, 1471921100, '0', 1, 0, 'admin', NULL);@@ww@@INSERT INTO wl_scase (`id`, `catid`, `title`, `des`, `content`, `image`, `hits`, `uptime`, `position`, `status`, `listorder`, `username`, `keyword`) VALUES (19, 57, '爱搜客高端建站系统专利CICMS', '爱搜客高端建站系统专利CICMS爱搜客高端建站系统专利CICMS爱搜客高端建站系统专利CICMS爱搜客高端建站系统专利CICMS爱搜客高端建站系统专利CICMS爱搜客高端建站系统专利CICMS爱搜客高端建站系统专利CICMS爱搜', '<p>\r\n	　　爱搜客高端建站系统专利CICMS爱搜客高端建站系统专利CICMS爱搜客高端建站系统专利CICMS爱搜客高端建站系统专利CICMS爱搜客高端建站系统专利CICMS爱搜客高端建站系统专利CICMS爱搜客高端建站系统专利CICMS爱搜客高端建站系统专利CICMS爱搜客高端建站系统专利CICMS爱搜客高端建站系统专利CICMS爱搜客高端建站系统专利CICMS爱搜客高端建站系统专利CICMS爱搜客高端建站系统专利CICMS爱搜客高端建站系统专利CICMS爱搜客高端建站系统专利CICMS爱搜客高端建站\r\n</p>', 'upload/scase/1.jpg', 2, 1471921100, '0', 1, 0, 'admin', '');@@ww@@@@ww@@@@ww@@#@@ww@@# TABLE STRUCTURE FOR: wl_search@@ww@@#@@ww@@@@ww@@DROP TABLE IF EXISTS wl_search;@@ww@@@@ww@@CREATE TABLE `wl_search` (
  `id` int(10) unsigned NOT NULL AUTO_INCREMENT COMMENT 'ID',
  `title` varchar(100) NOT NULL DEFAULT '' COMMENT '搜索词',
  `hits` int(10) unsigned NOT NULL DEFAULT '1' COMMENT '搜索次数',
  `uptime` int(10) unsigned NOT NULL DEFAULT '0' COMMENT '初始点击时间',
  PRIMARY KEY (`id`)
) ENGINE=MyISAM AUTO_INCREMENT=190 DEFAULT CHARSET=utf8 ROW_FORMAT=DYNAMIC COMMENT='新闻表';@@ww@@@@ww@@INSERT INTO wl_search (`id`, `title`, `hits`, `uptime`) VALUES (145, '中国移动', 0, 1436249255);@@ww@@INSERT INTO wl_search (`id`, `title`, `hits`, `uptime`) VALUES (148, '钙钛矿薄', 0, 1436249255);@@ww@@INSERT INTO wl_search (`id`, `title`, `hits`, `uptime`) VALUES (149, '铁道部窝', 1, 1436249255);@@ww@@INSERT INTO wl_search (`id`, `title`, `hits`, `uptime`) VALUES (151, '中央第二轮', 0, 1436249255);@@ww@@INSERT INTO wl_search (`id`, `title`, `hits`, `uptime`) VALUES (157, 'A股停牌潮', 0, 1436249255);@@ww@@INSERT INTO wl_search (`id`, `title`, `hits`, `uptime`) VALUES (164, '美国双反终判欲', 0, 1436249255);@@ww@@INSERT INTO wl_search (`id`, `title`, `hits`, `uptime`) VALUES (165, 'First Solar重返', 8, 1436249255);@@ww@@INSERT INTO wl_search (`id`, `title`, `hits`, `uptime`) VALUES (167, '日本电池厂商', 1, 1436249255);@@ww@@INSERT INTO wl_search (`id`, `title`, `hits`, `uptime`) VALUES (168, '5分钟充', 13, 1436249255);@@ww@@INSERT INTO wl_search (`id`, `title`, `hits`, `uptime`) VALUES (169, '光伏回暖 ', 11, 1436249255);@@ww@@INSERT INTO wl_search (`id`, `title`, `hits`, `uptime`) VALUES (170, ' 运用文本', 8, 1436249255);@@ww@@INSERT INTO wl_search (`id`, `title`, `hits`, `uptime`) VALUES (175, '测试产品', 4, 1437056529);@@ww@@INSERT INTO wl_search (`id`, `title`, `hits`, `uptime`) VALUES (176, '测试产品2', 6, 1437056583);@@ww@@INSERT INTO wl_search (`id`, `title`, `hits`, `uptime`) VALUES (177, '科学家分享', 23, 1437057141);@@ww@@INSERT INTO wl_search (`id`, `title`, `hits`, `uptime`) VALUES (178, '是顶顶顶顶', 3, 1437057301);@@ww@@INSERT INTO wl_search (`id`, `title`, `hits`, `uptime`) VALUES (179, '镊子', 1, 1437097851);@@ww@@INSERT INTO wl_search (`id`, `title`, `hits`, `uptime`) VALUES (180, '在这里搜索...', 7, 1437098532);@@ww@@INSERT INTO wl_search (`id`, `title`, `hits`, `uptime`) VALUES (181, '产品', 1, 1437116115);@@ww@@INSERT INTO wl_search (`id`, `title`, `hits`, `uptime`) VALUES (182, '日本白光(HAKKO)', 1, 1445236389);@@ww@@INSERT INTO wl_search (`id`, `title`, `hits`, `uptime`) VALUES (183, '测试', 1, 1462947200);@@ww@@INSERT INTO wl_search (`id`, `title`, `hits`, `uptime`) VALUES (184, 'sdf sdf', 1, 1463818766);@@ww@@INSERT INTO wl_search (`id`, `title`, `hits`, `uptime`) VALUES (185, 'sdfsdfsdf', 1, 1463818777);@@ww@@INSERT INTO wl_search (`id`, `title`, `hits`, `uptime`) VALUES (186, '吃完', 1, 1464079079);@@ww@@INSERT INTO wl_search (`id`, `title`, `hits`, `uptime`) VALUES (187, '协议', 2, 1469882451);@@ww@@INSERT INTO wl_search (`id`, `title`, `hits`, `uptime`) VALUES (188, '爱搜客', 1, 1471933811);@@ww@@INSERT INTO wl_search (`id`, `title`, `hits`, `uptime`) VALUES (189, '运用文本', 1, 1471934200);@@ww@@@@ww@@@@ww@@#@@ww@@# TABLE STRUCTURE FOR: wl_setting@@ww@@#@@ww@@@@ww@@DROP TABLE IF EXISTS wl_setting;@@ww@@@@ww@@CREATE TABLE `wl_setting` (
  `id` int(10) unsigned NOT NULL AUTO_INCREMENT COMMENT '主键ID',
  `key` varchar(100) NOT NULL DEFAULT '' COMMENT 'key',
  `value` text COMMENT 'value',
  `title` varchar(100) NOT NULL DEFAULT '' COMMENT '标题',
  `size` int(5) NOT NULL DEFAULT '1' COMMENT '长度',
  `listorder` smallint(5) unsigned NOT NULL DEFAULT '0',
  `type` int(1) NOT NULL DEFAULT '0' COMMENT '1:系统字段，不允许删除。0:用户自定义字段',
  `style` varchar(100) NOT NULL DEFAULT 'text' COMMENT '字段风格，一般为text和images',
  `beizhu` varchar(255) DEFAULT NULL COMMENT '备注',
  PRIMARY KEY (`id`),
  UNIQUE KEY `key_type` (`key`)
) ENGINE=MyISAM AUTO_INCREMENT=16 DEFAULT CHARSET=utf8 ROW_FORMAT=DYNAMIC COMMENT='网站设置表';@@ww@@@@ww@@INSERT INTO wl_setting (`id`, `key`, `value`, `title`, `size`, `listorder`, `type`, `style`, `beizhu`) VALUES (1, 'title', '爱搜客建站系统-ASK18001', '网站标题', 30, 23, 1, 'text', '');@@ww@@INSERT INTO wl_setting (`id`, `key`, `value`, `title`, `size`, `listorder`, `type`, `style`, `beizhu`) VALUES (2, 'keywords', '爱搜客,爱搜客网络公司,广州网络公司,广州网络营销,广州网络推广,广州SEM外包,广州SEO,广州网站建设,广州网站设计,广州网站优化,网站推广', '网站关键字', 50, 22, 1, 'text', '多关键词之间用空格或者“,”隔开');@@ww@@INSERT INTO wl_setting (`id`, `key`, `value`, `title`, `size`, `listorder`, `type`, `style`, `beizhu`) VALUES (3, 'description', '广州爱搜客网络公司-国内顶尖的企业网络营销推广团队!专业提供百度SEM竞价、SEO外包、中高端网站建设、网站设计制作、网站优化等网络营销推广服务！', '网站描述', 40, 21, 1, 'textarea', '');@@ww@@INSERT INTO wl_setting (`id`, `key`, `value`, `title`, `size`, `listorder`, `type`, `style`, `beizhu`) VALUES (4, 'logo', 'setting/logo.jpg', '网站logo', 1, 1, 0, 'image', NULL);@@ww@@INSERT INTO wl_setting (`id`, `key`, `value`, `title`, `size`, `listorder`, `type`, `style`, `beizhu`) VALUES (12, 'tel', '020-29801628', '顶部电话号码', 70, 2, 0, 'text', '');@@ww@@INSERT INTO wl_setting (`id`, `key`, `value`, `title`, `size`, `listorder`, `type`, `style`, `beizhu`) VALUES (14, 'index_c', '<h3>广州爱搜客网络科技有限公司</h3><p>地址：广州市白云区西槎路骏富国际C座C622室</p><p>电话：020-29801628</p><p>邮箱：contactus#z2ch12ina.com</p><p>邮编：100176</p>', '首页底部联系我们', 60, 0, 0, 'textarea', '');@@ww@@INSERT INTO wl_setting (`id`, `key`, `value`, `title`, `size`, `listorder`, `type`, `style`, `beizhu`) VALUES (13, 'copy', ' 地址广州市白云区西槎路骏富国际C座C622室 电话:020-29801628<br>\r\nCopyright © 2015 广州爱搜客网络科技有限公司 版权所有 粤ICP备16038268号-1 ', '底部版权信息', 40, 0, 0, 'textarea', '');@@ww@@INSERT INTO wl_setting (`id`, `key`, `value`, `title`, `size`, `listorder`, `type`, `style`, `beizhu`) VALUES (15, 'weixin', 'setting/weixin.jpg', '底部微信', 50, 0, 0, 'image', '');@@ww@@@@ww@@@@ww@@#@@ww@@# TABLE STRUCTURE FOR: wl_type@@ww@@#@@ww@@@@ww@@DROP TABLE IF EXISTS wl_type;@@ww@@@@ww@@CREATE TABLE `wl_type` (
  `id` smallint(5) unsigned NOT NULL AUTO_INCREMENT,
  `name` char(30) NOT NULL DEFAULT '' COMMENT '分类名称',
  `model` char(20) NOT NULL DEFAULT '' COMMENT '分类模型(和对应的数据库表一直)',
  `des` text COMMENT '分类描述',
  `listorder` smallint(5) unsigned NOT NULL DEFAULT '0',
  PRIMARY KEY (`id`)
) ENGINE=MyISAM AUTO_INCREMENT=28 DEFAULT CHARSET=utf8 ROW_FORMAT=DYNAMIC;@@ww@@@@ww@@INSERT INTO wl_type (`id`, `name`, `model`, `des`, `listorder`) VALUES (1, '文字链接', 'links', '是的发送到2', 0);@@ww@@INSERT INTO wl_type (`id`, `name`, `model`, `des`, `listorder`) VALUES (5, '电子工具类', 'brand', '', 0);@@ww@@INSERT INTO wl_type (`id`, `name`, `model`, `des`, `listorder`) VALUES (18, '首页banner', 'poster', '1900px*500px', 0);@@ww@@INSERT INTO wl_type (`id`, `name`, `model`, `des`, `listorder`) VALUES (27, '切割工具', 'brand', '', 0);@@ww@@@@ww@@@@ww@@